ADM_CD,시군구,행정동,총인구수,0-2세,3-6세,0-6세,면적,기관수,어린이집수,유치원수,정원,현원,커버율(%),이용률(%),충원율(%),유형,E2SFCA_750,반경커버율(%),E2SFCA_1500,유형_반경보정,커버율_1000m,이용률_1000m,커버율_1500m,이용률_1500m,커버율_2000m,이용률_2000m,평당가,연식,거래건수,시가지
22010540,중구,삼덕동,7469,132,144,276,0.64,3,1,2,105,63,38.0,22.8,60.0,이중취약,74.8,67.8,73.2,이중취약,99.0,74.6,77.6,58.2,78.1,59.8,2094.057243828035,13.0,101.0,Y
22010560,중구,성내1동,5523,37,43,80,0.78,2,0,2,238,218,297.5,272.5,91.6,양호,75.3,66.8,73.4,물리적부족,64.1,54.3,85.8,69.9,68.5,54.8,1306.433765412583,20.0,59.0,Y
22010590,중구,성내2동,9213,209,271,480,0.94,4,1,3,306,260,63.7,54.2,85.0,물리적부족,76.5,75.6,76.5,물리적부족,59.8,49.7,61.4,51.9,66.8,51.1,2402.3917628173444,4.0,96.0,Y
22010610,중구,성내3동,13605,706,839,1545,0.75,5,4,1,283,282,18.3,18.3,99.6,물리적부족,46.5,63.4,88.5,물리적부족,49.4,33.1,61.6,46.3,77.3,61.4,2244.621729416916,3.0,368.0,Y
22010620,중구,대신동,7263,189,208,397,0.49,5,4,1,397,310,100.0,78.1,78.1,양호,89.6,92.9,81.4,물리적부족,85.4,72.3,78.1,63.5,69.8,52.3,2104.1606257558506,11.0,192.0,Y
22010640,중구,남산1동,5067,70,145,215,0.38,2,2,0,87,50,40.5,23.3,57.5,이중취약,86.0,78.3,71.2,이중취약,78.2,66.1,77.1,62.9,67.6,54.7,1763.1597599556364,12.0,55.0,Y
22010650,중구,남산2동,7388,261,244,505,0.37,5,4,1,450,312,89.1,61.8,69.3,물리적부족,97.8,81.4,76.0,물리적부족,90.1,73.1,59.0,49.7,57.0,46.2,2901.8907681287137,5.0,248.0,Y
22010660,중구,남산3동,5765,84,91,175,0.4,3,2,1,418,393,238.9,224.6,94.0,양호,112.1,94.7,80.7,물리적부족,101.0,83.0,95.6,76.3,76.2,60.3,1710.6974123460514,12.0,87.0,Y
22010670,중구,남산4동,15836,396,465,861,0.45,9,8,1,601,491,69.8,57.0,81.7,물리적부족,102.9,92.7,82.1,물리적부족,112.5,94.6,87.7,69.3,72.7,56.9,2742.754243644324,4.0,490.0,Y
22010680,중구,대봉1동,7692,116,199,315,0.55,3,3,0,108,93,34.3,29.5,86.1,물리적부족,68.6,65.5,70.5,물리적부족,83.6,63.3,69.6,52.2,85.3,66.7,1867.0902608634265,11.0,135.0,Y
22010690,중구,대봉2동,5946,209,189,398,0.28,3,3,0,124,121,31.2,30.4,97.6,물리적부족,52.3,62.6,76.0,물리적부족,57.0,50.6,68.8,54.9,71.7,56.4,2341.840077924378,4.0,245.0,Y
22010700,중구,동인동,10987,278,201,479,0.99,6,5,1,311,240,64.9,50.1,77.2,물리적부족,51.7,74.3,79.6,물리적부족,54.3,39.3,123.4,91.2,72.1,54.1,1934.8937463003967,3.0,106.0,Y
22020510,동구,신암1동,10784,228,328,556,0.62,5,4,1,516,157,92.8,28.2,30.4,이중취약,82.5,106.6,125.8,질적미스매치,76.5,51.3,82.7,57.0,102.6,69.0,2003.5953189065524,2.0,199.0,Y
22020520,동구,신암2동,11443,251,364,615,0.36,8,6,2,551,450,89.6,73.2,81.7,물리적부족,118.2,90.7,86.3,물리적부족,73.9,55.6,102.8,71.1,79.7,56.1,1620.2783949810482,13.0,257.0,Y
22020530,동구,신암3동,11130,428,403,831,0.6,10,7,3,665,553,80.0,66.5,83.2,물리적부족,82.6,84.4,99.8,물리적부족,72.3,54.8,80.9,55.4,100.7,69.7,2103.330085293449,6.0,267.0,Y
22020540,동구,신암4동,18431,554,408,962,1.15,7,6,1,402,303,41.8,31.5,75.4,물리적부족,96.3,114.6,109.2,양호,101.4,64.7,107.6,66.9,94.5,63.1,2305.456903857704,3.0,346.0,Y
22020550,동구,신암5동,7330,117,132,249,0.53,5,5,0,369,257,148.2,103.2,69.6,양호,140.6,108.1,91.9,양호,98.0,63.7,126.6,84.4,82.2,53.1,1835.6218596697413,2.0,88.0,Y
22020560,동구,신천1·2동,11022,70,106,176,0.45,4,4,0,183,42,104.0,23.9,23.0,질적미스매치,91.0,84.1,84.2,이중취약,56.0,41.3,75.7,56.7,79.4,56.2,1061.2520064205455,15.0,205.0,Y
22020580,동구,신천3동,14711,364,387,751,0.74,8,7,1,532,381,70.8,50.7,71.6,물리적부족,73.3,77.0,100.0,물리적부족,70.8,52.5,61.3,47.6,88.2,62.8,1981.3200085997591,4.0,266.0,Y
22020590,동구,신천4동,12699,341,328,669,0.79,3,2,1,137,120,20.5,17.9,87.6,물리적부족,74.9,98.0,99.3,물리적부족,61.4,47.9,85.6,62.6,80.9,59.9,2606.9903895385446,1.0,187.0,Y
22020600,동구,효목1동,11494,44,78,122,1.32,4,3,1,366,215,300.0,176.2,58.7,질적미스매치,148.7,111.9,95.3,질적미스매치,85.5,47.1,95.3,58.5,92.0,60.1,965.0289330326244,28.0,45.0,Y
22020610,동구,효목2동,14137,231,246,477,0.78,6,6,0,319,134,66.9,28.1,42.0,이중취약,129.1,110.7,100.3,질적미스매치,97.7,52.0,148.1,68.1,217.6,114.8,966.6081871345028,23.0,173.0,Y
22020620,동구,도평동,3381,20,28,48,21.3,1,1,0,86,45,179.2,93.8,52.3,질적미스매치,385.4,385.4,93.6,질적미스매치,179.2,93.8,385.4,166.7,108.2,46.6,399.7839866555463,36.0,4.0,Y
22020630,동구,불로·봉무동,19408,238,436,674,7.61,11,6,5,1026,712,152.2,105.6,69.4,양호,114.2,144.4,144.4,양호,114.2,73.0,152.2,105.6,181.5,114.4,1392.0525525314767,13.0,253.0,Y
22020650,동구,지저동,12351,65,129,194,2.27,3,2,1,217,73,111.9,37.6,33.6,질적미스매치,82.8,80.3,91.0,이중취약,139.7,81.9,82.6,57.7,98.9,60.6,882.7383634573342,24.0,59.0,Y
22020660,동구,동촌동,13831,91,170,261,3.24,6,5,1,316,169,121.1,64.8,53.5,질적미스매치,110.1,99.2,99.5,이중취약,159.0,82.0,144.5,73.0,169.1,77.9,1053.3339111194946,11.0,61.0,Y
22020680,동구,방촌동,16744,117,156,273,1.33,6,4,2,547,216,200.4,79.1,39.5,질적미스매치,175.0,137.4,100.0,질적미스매치,270.0,103.3,82.2,37.4,128.4,61.2,972.8092184897632,28.0,138.0,Y
22020690,동구,해안동,12949,98,146,244,13.27,3,3,0,218,90,89.3,36.9,41.3,이중취약,15.4,39.6,113.7,이중취약,40.6,18.4,96.7,37.3,95.0,44.5,1245.6140742940297,8.0,16.0,Y
22020710,동구,공산동,19685,248,373,621,83.53,8,5,3,722,382,116.3,61.5,52.9,질적미스매치,131.6,142.5,155.4,질적미스매치,121.1,62.6,159.7,78.3,251.0,143.5,1201.307551258543,6.0,143.0,Y
22020730,동구,안심1동,37224,349,676,1025,3.31,20,18,2,1397,734,136.3,71.6,52.5,질적미스매치,103.5,118.7,113.3,질적미스매치,83.0,44.1,117.1,61.1,160.5,95.3,1221.7579821687116,15.0,281.0,Y
22020740,동구,안심2동,16986,433,451,884,13.43,10,8,2,889,514,100.6,58.1,57.8,질적미스매치,97.0,109.9,139.7,질적미스매치,92.9,56.7,122.1,72.4,137.6,76.1,1378.9839886189409,4.0,130.0,Y
22020760,동구,안심3동,19897,338,479,817,5.95,14,10,4,777,419,95.1,51.3,53.9,이중취약,83.9,88.8,99.1,이중취약,101.7,46.6,97.2,44.5,97.9,52.4,937.7639612670476,23.0,269.0,Y
22020770,동구,안심4동,26329,295,520,815,2.62,17,14,3,1403,733,172.1,89.9,52.2,질적미스매치,165.3,152.0,133.0,질적미스매치,208.0,115.3,152.7,86.4,104.5,55.7,939.1477272727273,17.0,291.0,Y
22020780,동구,혁신동,16510,268,587,855,16.57,17,14,3,1194,735,139.6,86.0,61.6,질적미스매치,29.8,55.4,120.6,이중취약,39.5,22.9,143.9,65.3,104.4,53.6,1052.8727697181926,11.0,141.0,Y
22030510,서구,내당1동,14642,358,373,731,0.58,5,4,1,358,318,49.0,43.5,88.8,물리적부족,81.4,79.7,83.1,물리적부족,79.8,61.8,94.4,72.3,82.3,62.3,2354.290941382628,1.0,454.0,Y
22030520,서구,내당2·3동,8062,35,54,89,0.5,3,1,2,185,169,207.9,189.9,91.4,양호,84.1,85.6,82.6,물리적부족,71.6,58.5,100.3,80.0,68.6,52.2,719.2535564853557,21.0,5.0,Y
22030530,서구,내당4동,14158,52,94,146,0.79,2,1,1,262,135,179.5,92.5,51.5,질적미스매치,116.2,79.3,77.1,이중취약,212.6,160.6,72.9,54.7,60.8,43.7,841.4416067610659,45.0,82.0,Y
22030540,서구,비산1동,7771,28,49,77,0.44,3,2,1,141,60,183.1,77.9,42.6,질적미스매치,126.3,101.8,71.5,질적미스매치,111.9,84.8,159.3,105.1,68.5,50.9,553.0843319014244,47.0,2.0,Y
22030550,서구,비산2·3동,7542,14,33,47,0.55,3,2,1,245,155,521.3,329.8,63.3,질적미스매치,61.6,78.7,87.4,이중취약,87.0,49.9,77.6,58.8,69.1,53.5,848.8721003818424,14.5,2.0,Y
22030560,서구,비산4동,8153,21,42,63,0.41,3,2,1,153,97,242.9,154.0,63.4,질적미스매치,81.9,76.7,91.1,이중취약,130.2,105.0,67.0,50.6,70.8,53.4,862.7841955212039,21.0,12.0,Y
22030570,서구,비산5동,4747,18,24,42,0.34,3,2,1,234,201,557.1,478.6,85.9,양호,127.9,88.1,59.1,물리적부족,72.7,52.1,186.5,114.0,82.3,58.9,590.3084621226037,44.0,14.0,Y
22030580,서구,비산6동,6331,17,41,58,0.28,0,0,0,0,0,0.0,0.0,,완전공백,72.0,86.5,86.1,이중취약,125.8,94.0,64.3,44.5,68.4,51.8,848.2253519794447,23.0,3.0,Y
22030590,서구,비산7동,9144,91,101,192,2.85,2,2,0,186,130,96.9,67.7,69.9,물리적부족,106.1,71.3,48.8,물리적부족,199.7,139.5,118.3,86.8,81.2,52.4,693.2784713214734,16.0,12.0,Y
22030600,서구,평리1동,6160,19,52,71,0.39,1,1,0,120,119,169.0,167.6,99.2,양호,91.7,71.7,90.8,물리적부족,110.0,87.2,67.3,49.6,65.1,47.6,936.6553017066328,11.0,3.0,Y
22030610,서구,평리2동,6853,37,90,127,0.29,2,2,0,65,54,51.2,42.5,83.1,물리적부족,89.6,76.9,87.0,물리적부족,73.4,58.0,75.1,57.5,75.6,53.5,1099.1591723072977,17.0,52.0,Y
22030620,서구,평리3동,12104,234,264,498,0.78,6,4,2,419,320,84.1,64.3,76.4,물리적부족,71.3,86.9,74.4,물리적부족,49.0,34.7,76.4,58.4,95.3,64.0,1891.0252094510136,3.0,96.0,Y
22030630,서구,평리4동,15047,94,174,268,0.74,6,6,0,258,159,96.3,59.3,61.6,이중취약,91.0,88.2,74.3,이중취약,66.3,52.2,76.0,57.1,79.8,59.4,1196.1561315661077,15.0,110.0,Y
22030640,서구,평리5동,10517,589,599,1188,0.42,6,5,1,288,241,24.2,20.3,83.7,물리적부족,56.1,61.9,61.6,물리적부족,51.8,36.5,73.1,54.9,83.1,63.7,1886.838837990668,3.0,84.0,Y
22030650,서구,평리6동,5406,178,123,301,0.72,4,3,1,165,111,54.8,36.9,67.3,물리적부족,42.9,55.0,53.0,물리적부족,35.2,26.2,65.1,47.8,70.8,53.0,1644.1293528214371,3.0,80.0,Y
22030660,서구,상중이동,16903,104,155,259,6.75,11,9,2,687,566,265.3,218.5,82.4,양호,85.6,72.4,69.6,물리적부족,284.0,220.5,61.7,44.7,73.7,54.3,968.7053860848667,17.0,95.0,Y
22030680,서구,원대동,9968,166,171,337,0.61,4,3,1,707,232,209.8,68.8,32.8,질적미스매치,100.2,90.3,72.1,이중취약,67.0,44.5,69.0,50.8,66.7,52.6,2109.781184588064,3.0,112.0,Y
22040510,남구,이천동,14239,305,372,677,1.08,6,5,1,405,367,59.8,54.2,90.6,물리적부족,59.4,59.9,73.3,물리적부족,68.7,52.6,60.6,49.3,73.0,58.9,1225.8091806425673,20.0,235.0,Y
22040530,남구,봉덕1동,7709,44,60,104,0.53,2,2,0,87,81,83.7,77.9,93.1,물리적부족,64.3,77.4,79.7,물리적부족,67.8,58.7,71.1,58.7,81.6,60.8,1283.533938089019,18.0,37.0,Y
22040540,남구,봉덕2동,12804,265,362,627,3.26,5,4,1,394,305,62.8,48.6,77.4,물리적부족,92.2,71.9,68.3,물리적부족,106.8,89.1,82.0,67.2,64.7,49.9,1694.2311791905445,6.0,194.0,Y
22040550,남구,봉덕3동,14069,95,159,254,2.66,5,2,3,473,431,186.2,169.7,91.1,양호,84.0,70.8,80.6,물리적부족,96.6,85.1,45.0,37.8,82.6,61.2,731.782263568988,35.0,98.0,Y
22040560,남구,대명1동,9270,45,76,121,0.48,4,3,1,451,84,372.7,69.4,18.6,질적미스매치,165.5,136.9,106.2,질적미스매치,165.9,74.1,110.0,64.4,89.2,56.7,727.2776161724804,46.0,17.0,Y
22040570,남구,대명2동,15176,327,289,616,0.86,3,2,1,266,254,43.2,41.2,95.5,물리적부족,49.3,77.7,90.0,물리적부족,58.0,47.1,71.0,54.9,86.4,64.8,2128.510872570123,4.0,137.0,Y
22040580,남구,대명3동,11752,140,114,254,0.99,3,2,1,348,235,137.0,92.5,67.5,양호,99.0,107.0,94.0,양호,82.4,60.0,86.1,58.5,86.7,63.3,811.9046659323664,46.0,25.0,Y
22040590,남구,대명4동,9057,38,71,109,0.73,4,4,0,324,159,297.2,145.9,49.1,질적미스매치,123.4,112.4,106.9,질적미스매치,182.1,65.4,121.5,69.4,99.1,64.8,527.3835855350134,39.0,4.0,Y
22040600,남구,대명5동,8812,215,194,409,0.89,3,3,0,212,155,51.8,37.9,73.1,물리적부족,108.0,120.9,99.6,양호,166.6,75.1,117.2,75.1,118.4,81.0,2112.062356248403,2.0,22.0,Y
22040610,남구,대명6동,10324,130,171,301,1.82,3,3,0,178,105,59.1,34.9,59.0,이중취약,153.8,150.1,113.1,질적미스매치,167.3,84.9,226.8,121.5,168.7,91.8,2020.398401307593,4.0,75.0,Y
22040640,남구,대명9동,13115,81,115,196,3.09,3,1,2,458,356,233.7,181.6,77.7,양호,166.2,126.6,92.9,양호,138.8,74.9,132.6,66.5,151.9,82.4,829.3527345709985,28.0,15.0,Y
22040650,남구,대명10동,7846,32,48,80,0.53,1,1,0,98,17,122.5,21.2,17.3,질적미스매치,147.9,145.1,111.0,질적미스매치,199.8,83.1,169.8,90.2,148.1,87.5,829.2104097877343,45.0,46.0,Y
22040660,남구,대명11동,7171,37,47,84,0.9,2,2,0,123,36,146.4,42.9,29.3,질적미스매치,105.4,145.7,111.9,질적미스매치,137.3,76.6,185.1,106.3,174.7,94.1,1232.3671459988063,5.0,22.0,Y
22050510,북구,고성동,14564,821,787,1608,0.53,9,9,0,579,548,36.0,34.1,94.6,물리적부족,61.5,71.5,84.7,물리적부족,46.8,34.3,57.1,44.2,79.6,62.1,2233.725436270332,3.0,293.0,Y
22050520,북구,칠성동,23366,426,545,971,1.36,14,13,1,521,402,53.7,41.4,77.2,물리적부족,71.8,75.8,84.4,물리적부족,48.7,43.3,70.3,54.7,71.7,54.4,1563.8573839285084,14.0,412.0,Y
22050550,북구,침산1동,3455,17,31,48,1.57,0,0,0,0,0,0.0,0.0,,완전공백,45.5,133.5,71.9,질적미스매치,202.3,128.4,76.4,63.8,137.8,100.7,560.3050847457628,29.0,13.0,Y
22050560,북구,침산2동,17872,305,506,811,0.78,7,5,2,754,721,93.0,88.9,95.6,물리적부족,93.1,91.5,93.6,물리적부족,70.7,60.0,79.7,64.7,85.7,65.5,1613.9355416927085,20.0,293.0,Y
22050570,북구,침산3동,17714,195,354,549,1.04,9,8,1,453,413,82.5,75.2,91.2,물리적부족,84.6,73.0,78.3,물리적부족,62.1,48.4,56.3,44.5,78.1,58.4,1111.2474897382972,27.0,236.0,Y
22050610,북구,산격1동,7389,15,25,40,0.95,2,1,1,103,48,257.5,120.0,46.6,질적미스매치,162.6,96.4,90.0,이중취약,425.0,305.6,130.4,102.0,112.4,88.5,555.4409072956839,29.0,4.0,Y
22050620,북구,산격2동,9393,61,92,153,2.23,4,3,1,470,369,307.2,241.2,78.5,양호,247.1,158.0,110.4,양호,99.6,75.4,189.3,119.5,204.4,138.5,1049.8408858317316,27.0,90.0,Y
22050630,북구,산격3동,8423,36,34,70,1.19,4,3,1,309,157,441.4,224.3,50.8,질적미스매치,261.7,172.0,116.8,질적미스매치,385.1,262.4,119.7,82.8,135.2,99.0,,,,Y
22050640,북구,산격4동,6965,19,53,72,0.74,4,3,1,464,331,644.4,459.7,71.3,양호,299.2,151.7,106.9,양호,366.0,242.4,218.6,164.8,105.5,74.8,657.7366698068693,27.0,8.0,Y
22050650,북구,복현1동,7153,27,26,53,0.46,1,1,0,49,14,92.5,26.4,28.6,이중취약,162.7,149.0,125.8,질적미스매치,109.0,73.8,116.4,76.7,117.9,81.1,701.9925676871351,24.0,9.0,Y
22050660,북구,복현2동,28765,477,563,1040,1.79,15,11,4,1126,875,108.3,84.1,77.7,양호,124.0,140.5,108.4,양호,132.0,101.0,149.4,99.6,128.0,80.6,1399.8538049947465,13.0,402.0,Y
22050700,북구,검단동,5422,23,44,67,3.84,1,1,0,62,0,92.5,0.0,0.0,이중취약,92.5,104.9,114.0,질적미스매치,92.5,0.0,398.5,138.8,87.0,51.9,656.3239289446186,34.0,60.0,Y
22050710,북구,무태조야동,32558,381,690,1071,22.91,20,15,5,1493,795,139.4,74.2,53.2,질적미스매치,54.9,89.7,96.2,이중취약,41.8,18.5,90.5,45.8,113.0,60.1,890.1972860051653,23.0,328.0,Y
22050740,북구,태전2동,21662,193,338,531,2.02,7,5,2,678,341,127.7,64.2,50.3,질적미스매치,128.2,187.6,167.5,질적미스매치,104.1,50.5,220.1,116.3,350.4,187.3,772.8991315965263,31.0,205.0,Y
22050750,북구,관문동,32010,538,926,1464,14.7,17,12,5,1537,911,105.0,62.2,59.3,질적미스매치,31.6,63.9,105.6,이중취약,31.6,18.9,69.3,44.1,129.0,72.6,1081.625267094017,10.0,372.0,Y
22050760,북구,읍내동,24632,264,427,691,5.91,12,9,3,1261,607,182.5,87.8,48.1,질적미스매치,0.0,1.2,74.4,이중취약,0.0,0.0,4.8,2.3,90.4,54.0,789.9163679808842,29.0,285.0,Y
22050770,북구,관음동,13674,75,142,217,2.99,5,3,2,424,124,195.4,57.1,29.2,질적미스매치,407.5,285.4,221.7,질적미스매치,570.5,259.0,333.3,187.0,227.8,112.1,701.6200919702865,26.0,101.0,Y
22050780,북구,태전1동,21133,181,238,419,2.43,9,6,3,935,601,223.2,143.4,64.3,질적미스매치,204.2,215.3,188.8,질적미스매치,144.3,82.0,251.6,120.8,298.8,144.7,681.3352177470179,31.0,236.0,Y
22050790,북구,구암동,30294,208,411,619,4.16,14,11,3,1020,398,164.8,64.3,39.0,질적미스매치,159.4,184.9,233.0,질적미스매치,153.4,82.3,228.8,117.8,342.0,165.8,831.2713739690204,25.0,414.0,Y
22050810,북구,노원동,10970,160,160,320,3.03,3,2,1,272,253,85.0,79.1,93.0,물리적부족,90.6,80.3,75.4,물리적부족,217.5,134.2,80.5,55.2,63.6,50.2,1448.822940145254,9.0,146.0,Y
22050820,북구,동천동,24674,230,452,682,1.12,16,12,4,1167,711,171.1,104.3,60.9,질적미스매치,181.9,297.4,255.6,질적미스매치,152.9,84.8,270.4,138.5,202.3,99.3,1032.7343916776442,24.0,396.0,Y
22050830,북구,국우동,29173,400,639,1039,17.15,20,13,7,1690,871,162.7,83.8,51.5,질적미스매치,158.2,147.4,134.9,질적미스매치,149.2,77.0,173.8,90.3,121.1,65.3,1167.0234160152413,19.0,363.0,Y
22050840,북구,대현동,15654,112,152,264,0.86,8,6,2,663,471,251.1,178.4,71.0,양호,132.8,95.3,107.7,물리적부족,175.0,126.6,90.2,64.8,96.4,71.0,1435.6398378691372,16.0,189.0,Y
22060510,수성구,범어1동,22697,437,876,1313,1.16,7,4,3,617,597,47.0,45.5,96.8,물리적부족,39.4,56.5,85.9,물리적부족,48.5,46.4,62.4,46.4,89.3,71.1,4322.579809164802,5.0,533.0,Y
22060520,수성구,범어2동,15179,188,405,593,1.03,9,6,3,747,540,126.0,91.1,72.3,양호,113.8,103.0,93.0,양호,72.8,58.6,66.0,54.3,79.2,61.3,4265.177496966174,17.0,164.0,Y
22060530,수성구,범어3동,17060,371,634,1005,0.58,8,7,1,367,295,36.5,29.4,80.4,물리적부족,67.0,74.2,87.8,물리적부족,86.3,66.7,75.2,55.5,70.8,54.3,2788.223775398862,11.0,443.0,Y
22060540,수성구,범어4동,18451,83,394,477,1.1,3,3,0,398,279,83.4,58.5,70.1,물리적부족,98.9,114.6,89.8,양호,96.9,76.4,109.1,92.9,72.7,59.9,4201.655117873013,17.0,343.0,Y
22060550,수성구,만촌1동,20218,231,458,689,2.79,13,10,3,675,493,98.0,71.6,73.0,물리적부족,121.3,101.5,101.4,양호,94.7,71.0,124.3,93.3,111.6,81.1,1555.0065936653714,23.0,218.0,Y
22060560,수성구,만촌2동,13123,127,281,408,1.78,8,3,5,874,798,214.2,195.6,91.3,양호,141.8,119.9,89.9,양호,124.5,102.0,100.6,80.9,91.6,71.3,3544.7847107579223,2.0,21.0,Y
22060570,수성구,만촌3동,20600,175,453,628,1.79,7,5,2,574,540,91.4,86.0,94.1,물리적부족,85.9,82.6,71.3,물리적부족,81.7,71.3,109.8,92.0,121.3,97.3,3384.0851702723,19.0,331.0,Y
22060580,수성구,수성1가동,16976,168,303,471,0.6,5,4,1,452,255,96.0,54.1,56.4,이중취약,73.1,68.9,67.9,이중취약,98.2,66.8,59.6,48.3,57.5,45.8,1750.4671489557986,21.0,239.0,Y
22060590,수성구,수성2·3가동,10171,78,268,346,0.65,2,2,0,69,68,19.9,19.7,98.6,물리적부족,65.7,64.1,79.0,물리적부족,41.3,33.0,74.0,55.3,58.5,45.8,2647.22061863234,17.0,74.0,Y
22060600,수성구,수성4가동,12840,112,161,273,0.63,7,5,2,646,435,236.6,159.3,67.3,양호,86.6,69.0,77.1,물리적부족,82.1,57.7,62.5,45.1,65.4,50.9,1614.7639973002897,30.0,194.0,Y
22060610,수성구,황금1동,20862,204,577,781,2.6,9,7,2,692,472,88.6,60.4,68.2,물리적부족,92.3,96.9,88.4,물리적부족,96.7,64.7,170.2,127.2,78.6,54.1,2167.842690910873,20.0,334.0,Y
22060620,수성구,황금2동,11789,211,241,452,1.18,3,2,1,231,228,51.1,50.4,98.7,물리적부족,57.1,70.4,78.9,물리적부족,79.6,64.1,59.6,45.2,73.0,55.1,3580.92969478588,4.0,102.0,Y
22060630,수성구,중동,14426,344,452,796,0.9,7,6,1,477,411,59.9,51.6,86.2,물리적부족,70.5,73.2,74.8,물리적부족,107.8,82.5,61.0,47.4,74.4,57.0,2382.65515268637,5.0,181.0,Y
22060640,수성구,상동,13962,101,181,282,1.33,3,3,0,189,115,67.0,40.8,60.8,이중취약,75.2,83.5,89.1,이중취약,73.4,51.2,74.2,55.8,76.9,55.3,2001.729096933712,17.0,75.0,Y
22060650,수성구,파동,17086,381,460,841,5.83,9,7,2,975,766,115.9,91.1,78.6,양호,79.7,119.1,111.1,양호,79.7,55.6,156.1,131.2,99.5,69.3,1505.04471662574,10.0,172.0,Y
22060660,수성구,두산동,14835,204,333,537,1.96,6,6,0,379,164,70.6,30.5,43.3,이중취약,105.0,83.3,117.0,이중취약,100.1,53.2,88.1,61.1,93.8,67.4,2531.2748680047225,17.0,142.0,Y
22060670,수성구,지산1동,18643,79,147,226,2.85,8,5,3,929,437,411.1,193.4,47.0,질적미스매치,163.5,169.9,131.4,질적미스매치,170.4,81.4,161.5,92.7,127.8,73.6,895.5641931684335,35.0,131.0,Y
22060680,수성구,지산2동,18161,178,269,447,1.71,6,4,2,776,565,173.6,126.4,72.8,양호,198.3,179.4,157.5,양호,196.4,109.8,203.4,118.5,123.8,71.5,1080.429512015403,35.0,219.0,Y
22060690,수성구,범물1동,9658,46,44,90,5.67,2,1,1,64,18,71.1,20.0,28.1,이중취약,147.2,131.6,103.7,질적미스매치,135.6,59.4,123.2,55.7,151.6,84.0,864.2178286710819,34.0,84.0,Y
22060700,수성구,범물2동,15546,172,255,427,2.1,5,3,2,366,191,85.7,44.7,52.2,이중취약,115.7,128.1,97.9,질적미스매치,162.9,71.2,143.8,62.8,151.6,84.0,919.8107957707292,33.0,197.0,Y
22060710,수성구,고산1동,31119,296,615,911,8.86,9,6,3,907,566,99.6,62.1,62.4,이중취약,118.4,127.1,125.8,질적미스매치,135.1,78.8,100.2,60.8,115.4,71.9,1147.5770769592843,30.0,339.0,Y
22060720,수성구,고산2동,25542,318,584,902,24.54,15,10,5,1332,1035,147.7,114.7,77.7,양호,139.8,139.7,124.2,양호,163.7,115.5,123.9,84.3,113.1,70.1,1613.773781799959,19.0,293.0,Y
22060730,수성구,고산3동,29203,216,438,654,5.24,9,8,1,672,212,102.8,32.4,31.5,질적미스매치,77.3,75.5,98.0,이중취약,131.0,58.9,91.0,44.9,102.0,62.6,1041.4073156146812,26.0,396.0,Y
22070550,달서구,두류3동,8919,96,133,229,1.17,5,3,2,251,199,109.6,86.9,79.3,양호,84.7,74.9,90.0,물리적부족,162.9,106.4,108.9,74.9,105.8,73.8,1636.7642326068838,24.0,77.0,Y
22070560,달서구,본리동,22963,500,630,1130,1.09,13,10,3,840,633,74.3,56.0,75.4,물리적부족,94.3,110.5,109.4,양호,79.2,53.4,100.9,68.7,102.7,72.2,1384.556903864279,17.0,336.0,Y
22070570,달서구,감삼동,31110,663,906,1569,1.11,16,13,3,1006,758,64.1,48.3,75.3,물리적부족,82.8,88.2,111.4,물리적부족,63.9,46.5,75.4,54.2,102.1,70.5,1841.317734282044,16.0,457.0,Y
22070580,달서구,죽전동,14342,278,251,529,0.81,4,4,0,282,180,53.3,34.0,63.8,이중취약,75.6,75.0,100.7,이중취약,44.4,32.6,79.6,57.4,102.3,74.7,2325.5339305768207,2.0,82.0,Y
22070590,달서구,장기동,15338,208,252,460,2.8,8,5,3,519,411,112.8,89.3,79.2,양호,69.9,78.6,111.1,물리적부족,86.0,68.1,74.5,53.2,108.5,75.4,1294.947999295311,22.0,194.0,Y
22070600,달서구,이곡1동,19674,163,233,396,1.82,13,11,2,950,566,239.9,142.9,59.6,질적미스매치,212.8,218.1,177.9,질적미스매치,176.6,112.7,258.4,167.8,204.7,131.2,858.173639500447,29.0,220.0,Y
22070610,달서구,신당동,27982,188,249,437,9.01,16,14,2,818,461,187.2,105.5,56.4,질적미스매치,137.2,130.9,113.1,질적미스매치,157.7,94.1,196.1,113.7,40.7,26.2,895.4587209987045,27.0,225.0,Y
22070630,달서구,월성2동,13486,56,84,140,7.0,5,3,2,307,239,219.3,170.7,77.9,양호,72.1,80.0,98.7,물리적부족,93.3,72.1,165.5,127.0,83.5,61.3,698.4890748381149,34.0,132.0,Y
22070650,달서구,상인1동,31952,411,520,931,1.5,13,11,2,800,504,85.9,54.1,63.0,이중취약,95.3,97.9,122.2,이중취약,135.4,91.5,135.3,84.2,122.7,77.8,1069.649370514178,32.0,385.0,Y
22070660,달서구,상인2동,16708,170,244,414,0.93,7,6,1,633,354,152.9,85.5,55.9,질적미스매치,131.6,139.3,120.4,질적미스매치,146.8,83.6,141.9,87.4,95.6,60.8,1054.2039544572958,19.0,100.0,Y
22070670,달서구,상인3동,9479,20,47,67,3.68,3,3,0,215,26,320.9,38.8,12.1,질적미스매치,363.7,94.1,65.9,이중취약,858.2,292.5,132.1,62.0,125.6,57.2,590.567827030637,33.0,65.0,Y
22070680,달서구,도원동,30888,223,363,586,10.61,14,11,3,783,308,133.6,52.6,39.3,질적미스매치,121.4,129.0,99.6,질적미스매치,191.1,97.7,123.2,67.6,151.4,89.9,718.6388356912875,29.0,418.0,Y
22070690,달서구,송현1동,15948,83,140,223,2.43,5,3,2,562,209,252.0,93.7,37.2,질적미스매치,159.3,115.5,101.4,질적미스매치,149.5,74.4,176.0,101.8,100.0,58.0,1000.6503825282456,24.0,20.0,Y
22070700,달서구,송현2동,17655,203,249,452,0.96,6,4,2,679,413,150.2,91.4,60.8,질적미스매치,163.3,135.8,107.0,질적미스매치,169.9,102.1,144.8,89.0,99.0,61.7,939.5677297869836,24.0,123.0,Y
22070710,달서구,본동,13085,168,170,338,1.1,3,2,1,196,104,58.0,30.8,53.1,이중취약,97.8,104.8,114.6,질적미스매치,98.1,61.3,85.8,59.2,93.0,62.2,1922.6281934474555,1.0,338.0,Y
22070720,달서구,용산1동,27831,270,392,662,1.32,10,9,1,454,296,68.6,44.7,65.2,이중취약,102.9,114.6,121.5,질적미스매치,96.6,69.5,95.4,72.0,97.0,68.6,972.9809277136802,27.0,291.0,Y
22070730,달서구,용산2동,24650,170,278,448,1.51,12,9,3,1053,750,235.0,167.4,71.2,양호,194.4,191.8,142.8,양호,135.0,91.3,176.2,117.0,98.3,68.7,810.5964970809007,29.0,289.0,Y
22070740,달서구,이곡2동,14113,82,163,245,2.21,5,4,1,273,156,111.4,63.7,57.1,질적미스매치,194.5,199.4,223.9,질적미스매치,230.9,147.0,200.8,117.1,238.3,142.9,797.4688161920451,32.0,163.0,Y
22070750,달서구,성당동,19950,144,254,398,1.97,8,6,2,904,518,227.1,130.2,57.3,질적미스매치,188.8,122.4,116.0,질적미스매치,140.8,96.9,94.9,62.0,96.1,60.0,1265.6410872602446,17.0,133.0,Y
22070760,달서구,두류1·2동,15677,272,227,499,1.3,6,5,1,250,141,50.1,28.3,56.4,이중취약,71.5,70.3,88.9,이중취약,62.5,43.6,79.0,58.9,121.2,85.1,1874.973790278499,3.0,120.0,Y
22070770,달서구,월성1동,39431,603,1207,1810,1.89,25,20,5,2123,1797,117.3,99.3,84.6,양호,118.1,110.7,99.8,양호,181.1,141.0,103.6,75.2,91.8,64.3,1846.680140204838,17.0,713.0,Y
22070780,달서구,진천동,49312,666,1053,1719,5.09,29,22,7,2644,1783,153.8,103.7,67.4,양호,96.4,109.8,116.4,양호,181.2,111.7,93.1,63.6,87.2,58.4,1342.868614462229,15.0,520.0,Y
22070790,달서구,유천동,32906,952,1574,2526,1.25,15,12,3,1003,708,39.7,28.0,70.6,물리적부족,70.1,88.8,99.9,물리적부족,107.0,80.0,90.5,67.8,91.2,64.9,1922.369141440733,11.0,696.0,Y
22510110,달성군,화원읍,45368,608,799,1407,26.42,27,20,7,2190,1436,155.7,102.1,65.6,양호,49.2,70.4,143.3,물리적부족,75.7,57.3,70.3,48.0,84.9,55.8,956.9128239649948,23.0,419.0,N
22510120,달성군,논공읍,14789,125,197,322,44.48,14,11,3,1055,626,327.6,194.4,59.3,질적미스매치,271.4,296.0,311.5,질적미스매치,271.4,156.8,296.0,175.8,311.5,187.6,718.5650751160597,8.0,14.0,N
22510130,달성군,다사읍,88804,1819,3002,4821,36.22,76,60,16,5221,3575,108.3,74.2,68.5,양호,22.5,47.0,104.3,물리적부족,17.2,12.8,47.1,34.1,88.0,61.8,1502.015012972115,15.0,797.0,N
22510140,달성군,유가읍,31228,761,1316,2077,56.32,25,22,3,1612,1110,77.6,53.4,68.9,물리적부족,82.5,96.3,102.7,물리적부족,85.4,57.1,93.4,66.2,103.0,72.8,1116.8571916256128,10.0,625.0,N
22510150,달성군,옥포읍,22164,303,588,891,46.92,17,14,3,1160,508,130.2,57.0,43.8,질적미스매치,69.6,100.8,136.0,질적미스매치,64.4,31.1,100.8,49.6,106.6,52.1,952.8908351196876,9.0,207.0,N
22510160,달성군,현풍읍,20950,291,533,824,25.14,16,11,5,1443,1052,175.1,127.7,72.9,양호,154.6,120.0,103.9,양호,216.1,148.8,89.7,63.2,103.0,72.8,955.1687334524464,10.0,139.0,N
22510310,달성군,가창면,6747,31,62,93,110.01,2,0,2,58,17,62.4,18.3,29.3,이중취약,0.0,0.0,21.5,이중취약,0.0,0.0,0.0,0.0,0.0,0.0,633.8229409803268,29.0,21.0,N
22510320,달성군,하빈면,3112,7,15,22,38.83,2,1,1,77,16,350.0,72.7,20.8,질적미스매치,350.0,350.0,350.0,질적미스매치,350.0,72.7,350.0,72.7,350.0,72.7,,,,N
22510360,달성군,구지면,18838,531,901,1432,38.91,17,15,2,1168,846,81.6,59.1,72.4,물리적부족,86.2,86.2,86.2,물리적부족,86.2,62.6,86.2,62.6,86.2,62.6,802.5948524487819,6.0,255.0,N
