ADM_CD,시군구,행정동,총인구수,0-2세,3-6세,0-6세,기관수,어린이집수,유치원수,정원,현원,커버율(%),이용률(%),충원율(%),어린이집_정원,어린이집_현원,유치원_정원,유치원_현원,유형,key,코드,hjd_cd_x,거래건수,평당가,연식,단지수,hjd_cd_y,거래건수_3년,평당가_3년,연식_3년,단지수_3년,cov,fil,pop,logp,logcov,소형,분위
22010540,중구,삼덕동,7469,132,144,276,3,1,2,105,63,38.0,22.8,60.0,45,41,60,22,이중취약,중구|삼덕동,2711054500,2711054500.0,101.0,2094.057243828035,13.0,6.0,2711054500.0,237.0,2038.9504742536133,13.0,7.0,38.0,60.0,276,7.646858728128481,3.6635616461296463,0,5(고가)
22010560,중구,성내1동,5523,37,43,80,2,0,2,238,218,297.5,272.5,91.6,0,0,238,218,양호,중구|성내1동,2711056500,2711056500.0,59.0,1306.433765412583,20.0,4.0,2711056500.0,124.0,1234.6181920882364,12.0,4.0,297.5,91.6,80,7.175056387473951,5.698769932832657,1,3
22010590,중구,성내2동,9213,209,271,480,4,1,3,306,260,63.7,54.2,85.0,20,20,286,240,물리적부족,중구|성내2동,2711057500,2711057500.0,96.0,2402.3917628173444,4.0,9.0,2711057500.0,182.0,2248.0404670397998,4.0,11.0,63.7,85.0,480,7.784220087932534,4.169761201506855,0,5(고가)
22010610,중구,성내3동,13605,706,839,1545,5,4,1,283,282,18.3,18.3,99.6,223,223,60,59,물리적부족,중구|성내3동,2711058500,2711058500.0,368.0,2244.621729416916,3.0,6.0,2711058500.0,788.0,2096.9063409539563,3.0,8.0,18.3,99.6,1545,7.716292291287733,2.9601050959108397,0,5(고가)
22010620,중구,대신동,7263,189,208,397,5,4,1,397,310,100.0,78.1,78.1,157,132,240,178,양호,중구|대신동,2711059500,2711059500.0,192.0,2104.1606257558506,11.0,4.0,2711059500.0,549.0,2076.8844694960526,11.0,6.0,100.0,78.1,397,7.6516719139834715,4.61512051684126,0,5(고가)
22010640,중구,남산1동,5067,70,145,215,2,2,0,87,50,40.5,23.3,57.5,87,50,0,0,이중취약,중구|남산1동,2711064000,2711064000.0,55.0,1763.1597599556364,12.0,4.0,2711064000.0,122.0,1774.8363146573292,12.0,4.0,40.5,57.5,215,7.474862796531444,3.7256934272366524,0,4
22010650,중구,남산2동,7388,261,244,505,5,4,1,450,312,89.1,61.8,69.3,260,227,190,85,물리적부족,중구|남산2동,2711065000,2711065000.0,248.0,2901.8907681287137,5.0,6.0,2711065000.0,649.0,2798.388689983529,5.0,6.0,89.1,69.3,505,7.973117792531972,4.500920164614292,0,5(고가)
22010660,중구,남산3동,5765,84,91,175,3,2,1,418,393,238.9,224.6,94.0,282,270,136,123,양호,중구|남산3동,2711066000,2711066000.0,87.0,1710.6974123460514,12.0,3.0,2711066000.0,227.0,1711.539683473554,12.0,3.0,238.9,94.0,175,7.444656409828384,5.480222169845649,0,4
22010670,중구,남산4동,15836,396,465,861,9,8,1,601,491,69.8,57.0,81.7,441,392,160,99,물리적부족,중구|남산4동,2711067000,2711067000.0,490.0,2742.754243644324,4.0,8.0,2711067000.0,1141.0,2468.2526356331177,4.0,9.0,69.8,81.7,861,7.916717892918835,4.259859000699674,0,5(고가)
22010680,중구,대봉1동,7692,116,199,315,3,3,0,108,93,34.3,29.5,86.1,108,93,0,0,물리적부족,중구|대봉1동,2711068000,2711068000.0,135.0,1867.0902608634265,11.0,4.0,2711068000.0,366.0,1772.574951192526,11.0,4.0,34.3,86.1,315,7.532136487773992,3.563882963939251,0,4
22010690,중구,대봉2동,5946,209,189,398,3,3,0,124,121,31.2,30.4,97.6,124,121,0,0,물리적부족,중구|대봉2동,2711069000,2711069000.0,245.0,2341.840077924378,4.0,4.0,2711069000.0,477.0,2291.1670016332564,4.0,4.0,31.2,97.6,398,7.758692257421556,3.4719664525503626,0,5(고가)
22010700,중구,동인동,10987,278,201,479,6,5,1,311,240,64.9,50.1,77.2,275,230,36,10,물리적부족,중구|동인동,2711051700,2711051700.0,106.0,1934.8937463003967,3.0,10.0,2711051700.0,199.0,1832.604408462134,3.0,12.0,64.9,77.2,479,7.5678076924835285,4.188138441508461,0,4
22020510,동구,신암1동,10784,228,328,556,5,4,1,516,157,92.8,28.2,30.4,186,139,330,18,이중취약,동구|신암1동,2714051000,2714051000.0,199.0,2003.5953189065524,2.0,3.0,2714051000.0,444.0,1906.342384243132,5.0,4.0,92.8,30.4,556,7.602698505139423,4.541164856012179,0,4
22020520,동구,신암2동,11443,251,364,615,8,6,2,551,450,89.6,73.2,81.7,331,255,220,195,물리적부족,동구|신암2동,2714052000,2714052000.0,257.0,1620.2783949810482,13.0,7.0,2714052000.0,727.0,1493.944323933478,13.0,8.0,89.6,81.7,615,7.390353262215857,4.506454213048934,0,4
22020530,동구,신암3동,11130,428,403,831,10,7,3,665,553,80.0,66.5,83.2,372,290,293,263,물리적부족,동구|신암3동,2714053000,2714053000.0,267.0,2103.330085293449,6.0,8.0,2714053000.0,902.0,1928.86094848499,6.0,8.0,80.0,83.2,831,7.6512771226314635,4.394449154672439,0,5(고가)
22020540,동구,신암4동,18431,554,408,962,7,6,1,402,303,41.8,31.5,75.4,384,293,18,10,물리적부족,동구|신암4동,2714054000,2714054000.0,346.0,2305.4569038577038,3.0,21.0,2714054000.0,626.0,2022.275572704644,3.0,28.0,41.8,75.4,962,7.743034158718938,3.756538102587751,0,5(고가)
22020550,동구,신암5동,7330,117,132,249,5,5,0,369,257,148.2,103.2,69.6,369,257,0,0,양호,동구|신암5동,2714054100,2714054100.0,88.0,1835.6218596697413,2.0,5.0,2714054100.0,184.0,1767.2075050966162,2.0,5.0,148.2,69.6,249,7.515138591182469,5.005287687769661,0,4
22020560,동구,신천1·2동,11022,70,106,176,4,4,0,183,42,104.0,23.9,23.0,183,42,0,0,질적미스매치,동구|신천1.2동,2714055500,2714055500.0,205.0,1061.2520064205455,15.0,13.0,2714055500.0,582.0,1022.4947902499772,24.0,14.0,104.0,23.0,176,6.967204628243836,4.653960350157523,0,3
22020580,동구,신천3동,14711,364,387,751,8,7,1,532,381,70.8,50.7,71.6,428,298,104,83,물리적부족,동구|신천3동,2714057000,2714057000.0,266.0,1981.3200085997591,4.0,16.0,2714057000.0,774.0,1820.2316932158903,8.0,18.0,70.8,71.6,751,7.59151857257216,4.273884476054178,0,4
22020590,동구,신천4동,12699,341,328,669,3,2,1,137,120,20.5,17.9,87.6,97,97,40,23,물리적부족,동구|신천4동,2714058000,2714058000.0,187.0,2606.9903895385446,1.0,12.0,2714058000.0,378.0,2201.7156099999056,5.0,14.0,20.5,87.6,669,7.865951727520319,3.068052935133617,0,5(고가)
22020600,동구,효목1동,11494,44,78,122,4,3,1,366,215,300.0,176.2,58.7,198,130,168,85,질적미스매치,동구|효목1동,2714059000,2714059000.0,45.0,965.0289330326244,28.0,5.0,2714059000.0,140.0,1002.5730634828268,28.0,9.0,300.0,58.7,122,6.87215808330675,5.707110264748875,0,2
22020610,동구,효목2동,14137,231,246,477,6,6,0,319,134,66.9,28.1,42.0,319,134,0,0,이중취약,동구|효목2동,2714060000,2714060000.0,173.0,966.6081871345028,23.0,14.0,2714060000.0,471.0,913.5156319454734,23.0,22.0,66.9,42.0,477,6.873793229408739,4.21803603456465,0,2
22020620,동구,도평동,3381,20,28,48,1,1,0,86,45,179.2,93.8,52.3,86,45,0,0,질적미스매치,동구|도평동,2714061500,2714061500.0,4.0,399.7839866555463,36.0,2.0,2714061500.0,26.0,549.165341117598,36.0,3.0,179.2,52.3,48,5.990924367876313,5.194067345174237,1,1(저가)
22020630,동구,불로·봉무동,19408,238,436,674,11,6,5,1026,712,152.2,105.6,69.4,240,122,786,590,양호,동구|불로.봉무동,2714062000,2714062000.0,253.0,1392.0525525314767,13.0,14.0,2714062000.0,787.0,1362.2951900570336,13.0,17.0,152.2,69.4,674,7.2385345934371,5.0317442573064906,0,3
22020650,동구,지저동,12351,65,129,194,3,2,1,217,73,111.9,37.6,33.6,169,39,48,34,질적미스매치,동구|지저동,2714064000,2714064000.0,59.0,882.7383634573342,24.0,12.0,2714064000.0,182.0,912.4406155904984,24.0,15.0,111.9,33.6,194,6.78302885257189,4.726502471155617,0,2
22020660,동구,동촌동,13831,91,170,261,6,5,1,316,169,121.1,64.8,53.5,194,103,122,66,질적미스매치,동구|동촌동,2714065500,2714065500.0,61.0,1053.3339111194946,11.0,16.0,2714065500.0,172.0,984.1281836813872,11.0,31.0,121.1,53.5,261,6.9597155664438635,4.804840381116659,0,3
22020680,동구,방촌동,16744,117,156,273,6,4,2,547,216,200.4,79.1,39.5,211,82,336,134,질적미스매치,동구|방촌동,2714067000,2714067000.0,138.0,972.8092184897632,28.0,14.0,2714067000.0,488.0,1041.9532854334664,28.0,15.0,200.4,39.5,273,6.880187987410592,5.305292980284462,0,2
22020690,동구,해안동,12949,98,146,244,3,3,0,218,90,89.3,36.9,41.3,218,90,0,0,이중취약,동구|해안동,2714068500,2714068500.0,16.0,1245.6140742940297,8.0,6.0,2714068500.0,46.0,952.4737656829388,11.5,7.0,89.3,41.3,244,7.127383919664391,4.5031374604229395,0,3
22020710,동구,공산동,19685,248,373,621,8,5,3,722,382,116.3,61.5,52.9,214,165,508,217,질적미스매치,동구|공산동,2714076000,2714076000.0,143.0,1201.307551258543,6.0,11.0,2714076000.0,477.0,1239.3175045659907,6.0,13.0,116.3,52.9,621,7.091165868613294,4.76473475565943,0,3
22020730,동구,안심1동,37224,349,676,1025,20,18,2,1397,734,136.3,71.6,52.5,1023,456,374,278,질적미스매치,동구|안심1동,2714072000,2714072000.0,281.0,1221.7579821687116,15.0,18.0,2714072000.0,846.0,1233.033244549932,15.0,22.0,136.3,52.5,1025,7.108046069518496,4.922168312773925,0,3
22020740,동구,안심2동,16986,433,451,884,10,8,2,889,514,100.6,58.1,57.8,349,266,540,248,질적미스매치,동구|안심2동,2714073000,2714073000.0,130.0,1378.9839886189409,4.0,14.0,2714073000.0,340.0,1166.9890848501109,6.0,14.0,100.6,57.8,884,7.229102266862183,4.6210435351443815,0,3
22020760,동구,안심3동,19897,338,479,817,14,10,4,777,419,95.1,51.3,53.9,309,177,468,242,이중취약,동구|안심3동,2714074200,2714074200.0,269.0,937.7639612670476,23.0,10.0,2714074200.0,795.0,972.5229465756648,23.0,10.0,95.1,53.9,817,6.843498276899209,4.565389315976247,0,2
22020770,동구,안심4동,26329,295,520,815,17,14,3,1403,733,172.1,89.9,52.2,841,330,562,403,질적미스매치,동구|안심4동,2714074700,2714074700.0,291.0,939.1477272727273,17.0,30.0,2714074700.0,875.0,961.5168722450024,17.0,42.0,172.1,52.2,815,6.844972790873247,5.153869462182164,0,2
22020780,동구,혁신동,16510,268,587,855,17,14,3,1194,735,139.6,86.0,61.6,707,357,487,378,질적미스매치,동구|혁신동,2714075500,2714075500.0,141.0,1052.8727697181926,11.0,9.0,2714075500.0,418.0,1092.35906994861,11.0,9.0,139.6,61.6,855,6.959277678355419,4.9459189793765646,0,2
22030510,서구,내당1동,14642,358,373,731,5,4,1,358,318,49.0,43.5,88.8,180,147,178,171,물리적부족,서구|내당1동,2717051000,2717051000.0,454.0,2354.290941382628,1.0,11.0,2717051000.0,639.0,2315.340246960084,4.0,16.0,49.0,88.8,731,7.76399487465316,3.912023005428146,0,5(고가)
22030520,서구,내당2·3동,8062,35,54,89,3,1,2,185,169,207.9,189.9,91.4,47,44,138,125,양호,서구|내당2.3동,2717052500,2717052500.0,5.0,719.2535564853557,21.0,4.0,2717052500.0,15.0,719.2535564853557,38.0,5.0,207.9,91.4,89,6.57821394713317,5.34185566856252,1,1(저가)
22030530,서구,내당4동,14158,52,94,146,2,1,1,262,135,179.5,92.5,51.5,62,32,200,103,질적미스매치,서구|내당4동,2717054000,2717054000.0,82.0,841.4416067610659,45.0,9.0,2717054000.0,231.0,908.54057563298,45.0,10.0,179.5,51.5,146,6.7351166193765115,5.195730777772936,0,2
22030540,서구,비산1동,7771,28,49,77,3,2,1,141,60,183.1,77.9,42.6,123,57,18,3,질적미스매치,서구|비산1동,2717055000,2717055000.0,2.0,553.0843319014244,47.0,1.0,2717055000.0,10.0,627.8254578340493,47.0,3.0,183.1,42.6,77,6.315510488813142,5.215479088239032,1,1(저가)
22030550,서구,비산2·3동,7542,14,33,47,3,2,1,245,155,521.3,329.8,63.3,227,149,18,6,질적미스매치,서구|비산2.3동,2717056500,2717056500.0,2.0,848.8721003818424,14.5,2.0,2717056500.0,5.0,901.5725044162766,10.0,2.0,521.3,63.3,47,6.743908527591682,6.258242135442253,1,2
22030560,서구,비산4동,8153,21,42,63,3,2,1,153,97,242.9,154.0,63.4,73,49,80,48,질적미스매치,서구|비산4동,2717058000,2717058000.0,12.0,862.7841955212039,21.0,2.0,2717058000.0,40.0,939.4000183171744,21.0,3.0,242.9,63.4,63,6.760164596685205,5.496758305221874,1,2
22030570,서구,비산5동,4747,18,24,42,3,2,1,234,201,557.1,478.6,85.9,138,107,96,94,양호,서구|비산5동,2717059000,2717059000.0,14.0,590.3084621226037,44.0,3.0,2717059000.0,37.0,638.6862283402766,44.0,3.0,557.1,85.9,42,6.380645217435448,6.324538157794388,1,1(저가)
22030590,서구,비산7동,9144,91,101,192,2,2,0,186,130,96.9,67.7,69.9,186,130,0,0,물리적부족,서구|비산7동,2717061000,2717061000.0,12.0,693.2784713214734,16.0,8.0,2717061000.0,26.0,725.4351109013685,22.0,9.0,96.9,69.9,192,6.541431752994756,4.583946549536464,0,1(저가)
22030600,서구,평리1동,6160,19,52,71,1,1,0,120,119,169.0,167.6,99.2,120,119,0,0,양호,서구|평리1동,2717062000,2717062000.0,3.0,936.6553017066328,11.0,3.0,2717062000.0,5.0,936.6553017066328,11.0,3.0,169.0,99.2,71,6.842315340176783,5.135798437050262,1,2
22030610,서구,평리2동,6853,37,90,127,2,2,0,65,54,51.2,42.5,83.1,65,54,0,0,물리적부족,서구|평리2동,2717063000,2717063000.0,52.0,1099.1591723072977,17.0,1.0,2717063000.0,196.0,1128.340389271208,17.0,1.0,51.2,83.1,127,7.002300777680826,3.955082494888593,0,3
22030620,서구,평리3동,12104,234,264,498,6,4,2,419,320,84.1,64.3,76.4,271,200,148,120,물리적부족,서구|평리3동,2717064000,2717064000.0,96.0,1891.0252094510136,3.0,2.0,2717064000.0,149.0,1882.813704008952,3.0,3.0,84.1,76.4,498,7.544874399849879,4.443827035579329,0,4
22030630,서구,평리4동,15047,94,174,268,6,6,0,258,159,96.3,59.3,61.6,258,159,0,0,이중취약,서구|평리4동,2717065000,2717065000.0,110.0,1196.1561315661077,15.0,10.0,2717065000.0,399.0,1206.776236070763,15.0,12.0,96.3,61.6,268,7.086868470778064,4.577798989191959,0,3
22030640,서구,평리5동,10517,589,599,1188,6,5,1,288,241,24.2,20.3,83.7,228,215,60,26,물리적부족,서구|평리5동,2717066000,2717066000.0,84.0,1886.838837990668,3.0,3.0,2717066000.0,155.0,1876.150196046109,3.0,3.0,24.2,83.7,1188,7.542658135250976,3.2268439945173775,0,4
22030650,서구,평리6동,5406,178,123,301,4,3,1,165,111,54.8,36.9,67.3,147,104,18,7,물리적부족,서구|평리6동,2717066100,2717066100.0,80.0,1644.1293528214371,3.0,2.0,2717066100.0,133.0,1644.1293528214371,3.0,2.0,54.8,67.3,301,7.404966254285742,4.021773869387265,0,4
22030660,서구,상중이동,16903,104,155,259,11,9,2,687,566,265.3,218.5,82.4,645,555,42,11,양호,서구|상중이동,2717067500,2717067500.0,95.0,968.7053860848667,17.0,12.0,2717067500.0,339.0,1038.5284391534394,17.0,16.0,265.3,82.4,259,6.875960526533396,5.584623492819887,0,2
22030680,서구,원대동,9968,166,171,337,4,3,1,707,232,209.8,68.8,32.8,227,195,480,37,질적미스매치,서구|원대동,2717069500,2717069500.0,112.0,2109.781184588064,3.0,5.0,2717069500.0,179.0,2081.4195431382477,3.0,6.0,209.8,32.8,337,7.654339517105782,5.350909816667207,0,5(고가)
22040510,남구,이천동,14239,305,372,677,6,5,1,405,367,59.8,54.2,90.6,225,187,180,180,물리적부족,남구|이천동,2720051500,2720051500.0,235.0,1225.8091806425673,20.0,12.0,2720051500.0,557.0,1146.13505341665,20.0,13.0,59.8,90.6,677,7.111356460534572,4.107589788972121,0,3
22040530,남구,봉덕1동,7709,44,60,104,2,2,0,87,81,83.7,77.9,93.1,87,81,0,0,물리적부족,남구|봉덕1동,2720053000,2720053000.0,37.0,1283.533938089019,18.0,4.0,2720053000.0,111.0,1302.981421999459,18.0,4.0,83.7,93.1,104,7.157372441791783,4.439115601658009,0,3
22040540,남구,봉덕2동,12804,265,362,627,5,4,1,394,305,62.8,48.6,77.4,226,142,168,163,물리적부족,남구|봉덕2동,2720054000,2720054000.0,194.0,1694.2311791905445,6.0,12.0,2720054000.0,589.0,1665.227689686353,7.0,12.0,62.8,77.4,627,7.434984335316802,4.155753190350744,0,4
22040550,남구,봉덕3동,14069,95,159,254,5,2,3,473,431,186.2,169.7,91.1,125,115,348,316,양호,남구|봉덕3동,2720055000,2720055000.0,98.0,731.782263568988,35.0,10.0,2720055000.0,271.0,886.7489270386266,31.0,13.0,186.2,91.1,254,6.595483015572327,5.232177564043492,0,1(저가)
22040560,남구,대명1동,9270,45,76,121,4,3,1,451,84,372.7,69.4,18.6,251,64,200,20,질적미스매치,남구|대명1동,2720056000,2720056000.0,17.0,727.2776161724804,46.0,5.0,2720056000.0,60.0,756.2732893652102,39.0,8.0,372.7,18.6,121,6.589308270078169,5.923453336491439,0,1(저가)
22040570,남구,대명2동,15176,327,289,616,3,2,1,266,254,43.2,41.2,95.5,70,60,196,194,물리적부족,남구|대명2동,2720057100,2720057100.0,137.0,2128.510872570123,4.0,5.0,2720057100.0,327.0,2079.3643571034727,4.0,6.0,43.2,95.5,616,7.663177893345423,3.7887247890836524,0,5(고가)
22040580,남구,대명3동,11752,140,114,254,3,2,1,348,235,137.0,92.5,67.5,108,45,240,190,양호,남구|대명3동,2720058600,2720058600.0,25.0,811.9046659323664,46.0,4.0,2720058600.0,31.0,811.9046659323664,46.0,5.0,137.0,67.5,254,6.699382926781763,4.927253685157205,0,1(저가)
22040590,남구,대명4동,9057,38,71,109,4,4,0,324,159,297.2,145.9,49.1,324,159,0,0,질적미스매치,남구|대명4동,2720059000,2720059000.0,4.0,527.3835855350134,39.0,4.0,2720059000.0,15.0,685.6474074074075,43.0,9.0,297.2,49.1,109,6.267928150065511,5.697764402330638,0,1(저가)
22040600,남구,대명5동,8812,215,194,409,3,3,0,212,155,51.8,37.9,73.1,212,155,0,0,물리적부족,남구|대명5동,2720060000,2720060000.0,22.0,2112.062356248403,2.0,5.0,2720060000.0,35.0,903.3474518376828,29.0,6.0,51.8,73.1,409,7.655420169129132,3.966511190712216,0,5(고가)
22040610,남구,대명6동,10324,130,171,301,3,3,0,178,105,59.1,34.9,59.0,178,105,0,0,이중취약,남구|대명6동,2720061000,2720061000.0,75.0,2020.398401307593,4.0,3.0,2720061000.0,193.0,2024.2912691328484,4.0,3.0,59.1,59.0,301,7.611049999318388,4.096009841541162,0,5(고가)
22040640,남구,대명9동,13115,81,115,196,3,1,2,458,356,233.7,181.6,77.7,50,46,408,310,양호,남구|대명9동,2720064000,2720064000.0,15.0,829.3527345709985,28.0,2.0,2720064000.0,36.0,843.1752801471819,28.0,2.0,233.7,77.7,196,6.72064555869265,5.458308102856978,0,1(저가)
22040650,남구,대명10동,7846,32,48,80,1,1,0,98,17,122.5,21.2,17.3,98,17,0,0,질적미스매치,남구|대명10동,2720065000,2720065000.0,46.0,829.2104097877343,45.0,10.0,2720065000.0,106.0,845.1105367871064,45.0,10.0,122.5,17.3,80,6.7204739344960105,4.816241156068032,1,1(저가)
22040660,남구,대명11동,7171,37,47,84,2,2,0,123,36,146.4,42.9,29.3,123,36,0,0,질적미스매치,남구|대명11동,2720066000,2720066000.0,22.0,1232.3671459988063,5.0,4.0,2720066000.0,41.0,1187.8997635933808,4.0,5.0,146.4,29.3,84,7.116692107813781,4.993149979755236,1,3
22050510,북구,고성동,14564,821,787,1608,9,9,0,579,548,36.0,34.1,94.6,579,548,0,0,물리적부족,북구|고성동,2723051000,2723051000.0,293.0,2233.725436270332,3.0,9.0,2723051000.0,653.0,2096.5668568502238,3.0,10.0,36.0,94.6,1608,7.711426069779859,3.6109179126442243,0,5(고가)
22050520,북구,칠성동,23366,426,545,971,14,13,1,521,402,53.7,41.4,77.2,449,331,72,71,물리적부족,북구|칠성동,2723052600,2723052600.0,412.0,1563.8573839285084,14.0,19.0,2723052600.0,1115.0,1518.171969572078,14.0,21.0,53.7,77.2,971,7.354910730201015,4.001863709427935,0,4
22050560,북구,침산2동,17872,305,506,811,7,5,2,754,721,93.0,88.9,95.6,222,190,532,531,물리적부족,북구|침산2동,2723056000,2723056000.0,293.0,1613.9355416927085,20.0,16.0,2723056000.0,874.0,1637.9605257664634,20.0,19.0,93.0,95.6,811,7.386430911039026,4.543294782270004,0,4
22050570,북구,침산3동,17714,195,354,549,9,8,1,453,413,82.5,75.2,91.2,273,233,180,180,물리적부족,북구|침산3동,2723057000,2723057000.0,236.0,1111.2474897382972,27.0,17.0,2723057000.0,674.0,1119.2141440689893,27.0,18.0,82.5,91.2,549,7.013238527872399,4.42484663185681,0,3
22050610,북구,산격1동,7389,15,25,40,2,1,1,103,48,257.5,120.0,46.6,85,45,18,3,질적미스매치,북구|산격1동,2723061000,2723061000.0,4.0,555.4409072956839,29.0,2.0,2723061000.0,21.0,656.3239289446186,44.0,3.0,257.5,46.6,40,6.319762225915677,5.554895693948484,1,1(저가)
22050620,북구,산격2동,9393,61,92,153,4,3,1,470,369,307.2,241.2,78.5,260,203,210,166,양호,북구|산격2동,2723062000,2723062000.0,90.0,1049.8408858317316,27.0,10.0,2723062000.0,248.0,1070.0270715630886,27.0,10.0,307.2,78.5,153,6.956393894365519,5.730748922886015,0,2
22050640,북구,산격4동,6965,19,53,72,4,3,1,464,331,644.4,459.7,71.3,192,82,272,249,양호,북구|산격4동,2723063100,2723063100.0,8.0,657.7366698068693,27.0,3.0,2723063100.0,27.0,800.2205486820872,27.0,3.0,644.4,71.3,72,6.48880465336288,6.4698702796178615,1,1(저가)
22050650,북구,복현1동,7153,27,26,53,1,1,0,49,14,92.5,26.4,28.6,49,14,0,0,이중취약,북구|복현1동,2723067100,2723067100.0,9.0,701.9925676871351,24.0,8.0,2723067100.0,22.0,792.6194585145797,24.0,15.0,92.5,28.6,53,6.553922816629502,4.537961436294641,1,1(저가)
22050660,북구,복현2동,28765,477,563,1040,15,11,4,1126,875,108.3,84.1,77.7,539,375,587,500,양호,북구|복현2동,2723067200,2723067200.0,402.0,1399.8538049947465,13.0,23.0,2723067200.0,1175.0,1388.4915396615866,13.0,27.0,108.3,77.7,1040,7.244123085146927,4.694096395182493,0,3
22050700,북구,검단동,5422,23,44,67,1,1,0,62,0,92.5,0.0,0.0,62,0,0,0,이중취약,북구|검단동,2723068000,2723068000.0,60.0,656.3239289446186,34.0,2.0,2723068000.0,144.0,669.2007700680756,34.0,2.0,92.5,0.0,67,6.486654461190785,4.537961436294641,1,1(저가)
22050710,북구,무태조야동,32558,381,690,1071,20,15,5,1493,795,139.4,74.2,53.2,763,410,730,385,질적미스매치,북구|무태조야동,2723069500,2723069500.0,328.0,890.1972860051653,23.0,14.0,2723069500.0,1064.0,932.047780359454,23.0,15.0,139.4,53.2,1071,6.79144310782982,4.944495491591711,0,2
22050740,북구,태전2동,21662,193,338,531,7,5,2,678,341,127.7,64.2,50.3,440,226,238,115,질적미스매치,북구|태전2동,2723073500,2723073500.0,205.0,772.8991315965263,31.0,14.0,2723073500.0,583.0,883.313293253173,27.0,17.0,127.7,50.3,531,6.650148550547084,4.857484114602081,0,1(저가)
22050750,북구,관문동,32010,538,926,1464,17,12,5,1537,911,105.0,62.2,59.3,751,475,786,436,질적미스매치,북구|관문동,2723071500,2723071500.0,372.0,1081.625267094017,10.0,13.0,2723071500.0,1139.0,1134.1484448004271,10.0,13.0,105.0,59.3,1464,6.986220065864598,4.663439094112067,0,3
22050760,북구,읍내동,24632,264,427,691,12,9,3,1261,607,182.5,87.8,48.1,717,286,544,321,질적미스매치,북구|읍내동,2723077000,2723077000.0,285.0,789.9163679808842,29.0,18.0,2723077000.0,814.0,778.2931135962331,31.0,19.0,182.5,48.1,691,6.671927076541815,5.212214667494625,0,1(저가)
22050770,북구,관음동,13674,75,142,217,5,3,2,424,124,195.4,57.1,29.2,78,37,346,87,질적미스매치,북구|관음동,2723075000,2723075000.0,101.0,701.6200919702865,26.0,5.0,2723075000.0,251.0,725.0074283692961,26.0,5.0,195.4,29.2,217,6.553392078005809,5.280153395920365,0,1(저가)
22050780,북구,태전1동,21133,181,238,419,9,6,3,935,601,223.2,143.4,64.3,313,206,622,395,질적미스매치,북구|태전1동,2723072500,2723072500.0,236.0,681.3352177470179,31.0,20.0,2723072500.0,668.0,718.892606222817,31.0,23.0,223.2,64.3,419,6.5240544284251705,5.4125385106380595,0,1(저가)
22050790,북구,구암동,30294,208,411,619,14,11,3,1020,398,164.8,64.3,39.0,334,156,686,242,질적미스매치,북구|구암동,2723074500,2723074500.0,414.0,831.2713739690204,25.0,16.0,2723074500.0,1280.0,855.2452945481066,25.0,16.0,164.8,39.0,619,6.722956304684927,5.110782242701195,0,1(저가)
22050810,북구,노원동,10970,160,160,320,3,2,1,272,253,85.0,79.1,93.0,116,97,156,156,물리적부족,북구|노원동,2723079000,2723079000.0,146.0,1448.822940145254,9.0,9.0,2723079000.0,484.0,1411.415610406938,9.0,13.0,85.0,93.0,320,7.278506740337591,4.454347296253507,0,3
22050820,북구,동천동,24674,230,452,682,16,12,4,1167,711,171.1,104.3,60.9,451,240,716,471,질적미스매치,북구|동천동,2723078000,2723078000.0,396.0,1032.7343916776442,24.0,10.0,2723078000.0,1231.0,1075.1655131461912,24.0,10.0,171.1,60.9,682,6.939965312802844,5.1480757032174935,0,2
22050830,북구,국우동,29173,400,639,1039,20,13,7,1690,871,162.7,83.8,51.5,732,372,958,499,질적미스매치,북구|국우동,2723080000,2723080000.0,363.0,1167.0234160152413,19.0,11.0,2723080000.0,1053.0,1171.438695960312,19.0,11.0,162.7,51.5,1039,7.062211697222565,5.098035484377089,0,3
22050840,북구,대현동,15654,112,152,264,8,6,2,663,471,251.1,178.4,71.0,347,194,316,277,양호,북구|대현동,2723064500,2723064500.0,189.0,1435.6398378691372,16.0,8.0,2723064500.0,554.0,1435.6398378691372,16.0,10.0,251.1,71.0,264,7.269365908866931,5.529825834193874,0,3
22060510,수성구,범어1동,22697,437,876,1313,7,4,3,617,597,47.0,45.5,96.8,203,200,414,397,물리적부족,수성구|범어1동,2726051000,2726051000.0,533.0,4322.579809164802,5.0,19.0,2726051000.0,1075.0,3494.9063467583383,5.0,21.0,47.0,96.8,1313,8.371607681045711,3.871201010907891,0,5(고가)
22060520,수성구,범어2동,15179,188,405,593,9,6,3,747,540,126.0,91.1,72.3,359,196,388,344,양호,수성구|범어2동,2726052000,2726052000.0,164.0,4265.177496966174,17.0,5.0,2726052000.0,446.0,3849.510217311169,17.0,5.0,126.0,72.3,593,8.358239076167942,4.844187086458591,0,5(고가)
22060530,수성구,범어3동,17060,371,634,1005,8,7,1,367,295,36.5,29.4,80.4,323,266,44,29,물리적부족,수성구|범어3동,2726053000,2726053000.0,443.0,2788.223775398862,11.0,14.0,2726053000.0,1024.0,2709.640174075079,11.0,14.0,36.5,80.4,1005,7.933160032432356,3.624340932976365,0,5(고가)
22060540,수성구,범어4동,18451,83,394,477,3,3,0,398,279,83.4,58.5,70.1,398,279,0,0,물리적부족,수성구|범어4동,2726054000,2726054000.0,343.0,4201.655117873013,17.0,25.0,2726054000.0,806.0,3909.4015545340794,17.0,26.0,83.4,70.1,477,8.343233802328081,4.4355674016019115,0,5(고가)
22060550,수성구,만촌1동,20218,231,458,689,13,10,3,675,493,98.0,71.6,73.0,383,265,292,228,물리적부족,수성구|만촌1동,2726055000,2726055000.0,218.0,1555.0065936653714,23.0,11.0,2726055000.0,605.0,1556.952784646179,23.0,13.0,98.0,73.0,689,7.349235064903619,4.59511985013459,0,4
22060560,수성구,만촌2동,13123,127,281,408,8,3,5,874,798,214.2,195.6,91.3,102,71,772,727,양호,수성구|만촌2동,2726056000,2726056000.0,21.0,3544.7847107579223,2.0,4.0,2726056000.0,50.0,2044.9991999890533,22.0,5.0,214.2,91.3,408,8.173232706729376,5.371567828287629,0,5(고가)
22060570,수성구,만촌3동,20600,175,453,628,7,5,2,574,540,91.4,86.0,94.1,276,247,298,293,물리적부족,수성구|만촌3동,2726056100,2726056100.0,331.0,3384.0851702723,19.0,20.0,2726056100.0,792.0,3349.0449107062223,18.0,20.0,91.4,94.1,628,8.126838888929575,4.526126978647638,0,5(고가)
22060580,수성구,수성1가동,16976,168,303,471,5,4,1,452,255,96.0,54.1,56.4,306,109,146,146,이중취약,수성구|수성1가동,2726057000,2726057000.0,239.0,1750.4671489557986,21.0,20.0,2726057000.0,590.0,1867.878313229904,20.0,20.0,96.0,56.4,471,7.46763797355527,4.574710978503383,0,4
22060590,수성구,수성2·3가동,10171,78,268,346,2,2,0,69,68,19.9,19.7,98.6,69,68,0,0,물리적부족,수성구|수성2.3가동,2726058000,2726058000.0,74.0,2647.22061863234,17.0,5.0,2726058000.0,224.0,2646.4188299764382,17.0,6.0,19.9,98.6,346,7.881265545422771,3.039749158970765,0,5(고가)
22060600,수성구,수성4가동,12840,112,161,273,7,5,2,646,435,236.6,159.3,67.3,276,165,370,270,양호,수성구|수성4가동,2726059000,2726059000.0,194.0,1614.7639973002897,30.0,13.0,2726059000.0,591.0,1752.190812720848,21.0,14.0,236.6,67.3,273,7.386944093275872,5.47058858748849,0,4
22060610,수성구,황금1동,20862,204,577,781,9,7,2,692,472,88.6,60.4,68.2,340,226,352,246,물리적부족,수성구|황금1동,2726060100,2726060100.0,334.0,2167.842690910873,20.0,13.0,2726060100.0,946.0,2084.0293098070115,20.0,14.0,88.6,68.2,781,7.68148780038401,4.4953553199808844,0,5(고가)
22060620,수성구,황금2동,11789,211,241,452,3,2,1,231,228,51.1,50.4,98.7,153,151,78,77,물리적부족,수성구|황금2동,2726060200,2726060200.0,102.0,3580.9296947858797,4.0,5.0,2726060200.0,250.0,3209.8847528164474,4.0,7.0,51.1,98.7,452,8.183377736961774,3.9531649487593215,0,5(고가)
22060630,수성구,중동,14426,344,452,796,7,6,1,477,411,59.9,51.6,86.2,325,259,152,152,물리적부족,수성구|중동,2726061000,2726061000.0,181.0,2382.65515268637,5.0,10.0,2726061000.0,560.0,2324.9764482410947,6.0,11.0,59.9,86.2,796,7.775970755207131,4.109233174715851,0,5(고가)
22060640,수성구,상동,13962,101,181,282,3,3,0,189,115,67.0,40.8,60.8,189,115,0,0,이중취약,수성구|상동,2726062000,2726062000.0,75.0,2001.729096933712,17.0,6.0,2726062000.0,230.0,2057.332682959649,17.0,8.0,67.0,60.8,282,7.601766634502174,4.219507705176107,0,4
22060650,수성구,파동,17086,381,460,841,9,7,2,975,766,115.9,91.1,78.6,483,271,492,495,양호,수성구|파동,2726063000,2726063000.0,172.0,1505.04471662574,10.0,16.0,2726063000.0,482.0,1409.690049243743,13.0,17.0,115.9,78.6,841,7.316577888785263,4.761318868478023,0,4
22060660,수성구,두산동,14835,204,333,537,6,6,0,379,164,70.6,30.5,43.3,379,164,0,0,이중취약,수성구|두산동,2726064000,2726064000.0,142.0,2531.2748680047225,17.0,5.0,2726064000.0,345.0,2497.8890200708383,17.0,6.0,70.6,43.3,537,7.836478355203518,4.2710950739666,0,5(고가)
22060670,수성구,지산1동,18643,79,147,226,8,5,3,929,437,411.1,193.4,47.0,459,219,470,218,질적미스매치,수성구|지산1동,2726065100,2726065100.0,131.0,895.5641931684335,35.0,10.0,2726065100.0,347.0,936.8334154756038,35.0,11.0,411.1,47.0,226,6.797453903095101,6.021266038344772,0,2
22060680,수성구,지산2동,18161,178,269,447,6,4,2,776,565,173.6,126.4,72.8,266,182,510,383,양호,수성구|지산2동,2726065200,2726065200.0,219.0,1080.429512015403,35.0,16.0,2726065200.0,600.0,1055.3871443185776,35.0,18.0,173.6,72.8,447,6.985113937368607,5.162497643405501,0,3
22060690,수성구,범물1동,9658,46,44,90,2,1,1,64,18,71.1,20.0,28.1,24,11,40,7,이중취약,수성구|범물1동,2726066100,2726066100.0,84.0,864.2178286710819,34.0,5.0,2726066100.0,222.0,926.8288775408032,34.0,5.0,71.1,28.1,90,6.761824853545483,4.278054044290903,1,2
22060700,수성구,범물2동,15546,172,255,427,5,3,2,366,191,85.7,44.7,52.2,138,90,228,101,이중취약,수성구|범물2동,2726066200,2726066200.0,197.0,919.8107957707292,33.0,11.0,2726066200.0,589.0,993.4932233352976,31.0,12.0,85.7,52.2,427,6.824167992121886,4.462453883786496,0,2
22060710,수성구,고산1동,31119,296,615,911,9,6,3,907,566,99.6,62.1,62.4,315,197,592,369,이중취약,수성구|고산1동,2726067000,2726067000.0,339.0,1147.5770769592843,30.0,23.0,2726067000.0,957.0,1166.7529411764706,31.0,23.0,99.6,62.4,911,7.045408109142361,4.611152257665639,0,3
22060720,수성구,고산2동,25542,318,584,902,15,10,5,1332,1035,147.7,114.7,77.7,494,341,838,694,양호,수성구|고산2동,2726068000,2726068000.0,293.0,1613.773781799959,19.0,18.0,2726068000.0,827.0,1734.0741544054376,19.0,21.0,147.7,77.7,902,7.386330679031325,5.001930853466109,0,4
22060730,수성구,고산3동,29203,216,438,654,9,8,1,672,212,102.8,32.4,31.5,442,178,230,34,질적미스매치,수성구|고산3동,2726069000,2726069000.0,396.0,1041.4073156146812,26.0,30.0,2726069000.0,1105.0,1105.9066506410256,26.0,34.0,102.8,31.5,654,6.948328265492565,4.642465970731788,0,2
22070550,달서구,두류3동,8919,96,133,229,5,3,2,251,199,109.6,86.9,79.3,123,86,128,113,양호,달서구|두류3동,2729055000,2729055000.0,77.0,1636.7642326068838,24.0,6.0,2729055000.0,204.0,1583.498956731798,24.0,6.0,109.6,79.3,229,7.40047654293446,4.7059200890882344,0,4
22070560,달서구,본리동,22963,500,630,1130,13,10,3,840,633,74.3,56.0,75.4,438,273,402,360,물리적부족,달서구|본리동,2729059000,2729059000.0,336.0,1384.556903864279,17.0,16.0,2729059000.0,971.0,1377.4901328070832,17.0,22.0,74.3,75.4,1130,7.233135442426775,4.321480134805848,0,3
22070570,달서구,감삼동,31110,663,906,1569,16,13,3,1006,758,64.1,48.3,75.3,610,481,396,277,물리적부족,달서구|감삼동,2729055500,2729055500.0,457.0,1841.317734282044,16.0,21.0,2729055500.0,1217.0,1810.339162498631,13.0,24.0,64.1,75.3,1569,7.518236754218768,4.175924549214524,0,4
22070580,달서구,죽전동,14342,278,251,529,4,4,0,282,180,53.3,34.0,63.8,282,180,0,0,이중취약,달서구|죽전동,2729056300,2729056300.0,82.0,2325.5339305768207,2.0,9.0,2729056300.0,187.0,1104.1850047154985,23.0,12.0,53.3,63.8,529,7.751704939216415,3.9945242269398897,0,5(고가)
22070590,달서구,장기동,15338,208,252,460,8,5,3,519,411,112.8,89.3,79.2,227,206,292,205,양호,달서구|장기동,2729056800,2729056800.0,194.0,1294.947999295311,22.0,9.0,2729056800.0,641.0,1315.7032230787129,22.0,9.0,112.8,79.2,460,7.166225818343089,4.73444252169223,0,3
22070600,달서구,이곡1동,19674,163,233,396,13,11,2,950,566,239.9,142.9,59.6,542,233,408,333,질적미스매치,달서구|이곡1동,2729057600,2729057600.0,220.0,858.173639500447,29.0,9.0,2729057600.0,771.0,870.6724454075679,29.0,9.0,239.9,59.6,396,6.7548064560526395,5.484381909620826,0,2
22070610,달서구,신당동,27982,188,249,437,16,14,2,818,461,187.2,105.5,56.4,622,349,196,112,질적미스매치,달서구|신당동,2729058500,2729058500.0,225.0,895.4587209987045,27.0,5.0,2729058500.0,655.0,914.925214933459,27.0,5.0,187.2,56.4,437,6.797336124401131,5.23750522715128,0,2
22070630,달서구,월성2동,13486,56,84,140,5,3,2,307,239,219.3,170.7,77.9,129,86,178,153,양호,달서구|월성2동,2729060200,2729060200.0,132.0,698.4890748381149,34.0,6.0,2729060200.0,405.0,774.7085186452275,34.0,6.0,219.3,77.9,140,6.548919537684381,5.394990253808298,0,1(저가)
22070650,달서구,상인1동,31952,411,520,931,13,11,2,800,504,85.9,54.1,63.0,354,222,446,282,이중취약,달서구|상인1동,2729062400,2729062400.0,385.0,1069.649370514178,32.0,21.0,2729062400.0,1108.0,1163.05081928563,27.0,21.0,85.9,63.0,931,6.975086182645244,4.464758032271346,0,3
22070660,달서구,상인2동,16708,170,244,414,7,6,1,633,354,152.9,85.5,55.9,430,259,203,95,질적미스매치,달서구|상인2동,2729062500,2729062500.0,100.0,1054.2039544572958,19.0,14.0,2729062500.0,368.0,1314.0762310235252,16.0,18.0,152.9,55.9,414,6.960541215559296,5.0363030408448335,0,3
22070670,달서구,상인3동,9479,20,47,67,3,3,0,215,26,320.9,38.8,12.1,215,26,0,0,질적미스매치,달서구|상인3동,2729062600,2729062600.0,65.0,590.567827030637,33.0,5.0,2729062600.0,207.0,661.6010673782522,33.0,5.0,320.9,12.1,67,6.381084492767819,5.774240938304763,1,1(저가)
22070680,달서구,도원동,30888,223,363,586,14,11,3,783,308,133.6,52.6,39.3,272,139,511,169,질적미스매치,달서구|도원동,2729062800,2729062800.0,418.0,718.6388356912875,29.0,11.0,2729062800.0,1329.0,757.8557563587685,29.0,11.0,133.6,39.3,586,6.57735891676391,4.902307417210627,0,1(저가)
22070690,달서구,송현1동,15948,83,140,223,5,3,2,562,209,252.0,93.7,37.2,170,91,392,118,질적미스매치,달서구|송현1동,2729063000,2729063000.0,20.0,1000.6503825282456,24.0,2.0,2729063000.0,59.0,1039.8169287860046,24.0,2.0,252.0,37.2,223,6.9084054501033245,5.53338948872752,0,2
22070700,달서구,송현2동,17655,203,249,452,6,4,2,679,413,150.2,91.4,60.8,195,173,484,240,질적미스매치,달서구|송현2동,2729064000,2729064000.0,123.0,939.5677297869836,24.0,15.0,2729064000.0,301.0,941.8233618233618,24.0,19.0,150.2,60.8,452,6.845419907566384,5.018603463745433,0,2
22070710,달서구,본동,13085,168,170,338,3,2,1,196,104,58.0,30.8,53.1,132,61,64,43,이중취약,달서구|본동,2729065000,2729065000.0,338.0,1922.6281934474555,1.0,16.0,2729065000.0,603.0,923.7880927167904,34.0,21.0,58.0,53.1,338,7.561448379753603,4.07753744390572,0,4
22070720,달서구,용산1동,27831,270,392,662,10,9,1,454,296,68.6,44.7,65.2,350,220,104,76,이중취약,달서구|용산1동,2729057100,2729057100.0,291.0,972.9809277136802,27.0,17.0,2729057100.0,906.0,992.8107428296012,27.0,18.0,68.6,65.2,662,6.880364480466328,4.242764567340374,0,2
22070730,달서구,용산2동,24650,170,278,448,12,9,3,1053,750,235.0,167.4,71.2,339,120,714,630,양호,달서구|용산2동,2729057200,2729057200.0,289.0,810.5964970809007,29.0,11.0,2729057200.0,991.0,826.7255751917306,29.0,11.0,235.0,71.2,448,6.69777039279442,5.4638318050256105,0,1(저가)
22070740,달서구,이곡2동,14113,82,163,245,5,4,1,273,156,111.4,63.7,57.1,179,109,94,47,질적미스매치,달서구|이곡2동,2729057700,2729057700.0,163.0,797.4688161920451,32.0,6.0,2729057700.0,566.0,799.5679733110926,32.0,7.0,111.4,57.1,245,6.68144273194095,4.722063937459591,0,1(저가)
22070750,달서구,성당동,19950,144,254,398,8,6,2,904,518,227.1,130.2,57.3,274,160,630,358,질적미스매치,달서구|성당동,2729051500,2729051500.0,133.0,1265.6410872602446,17.0,13.0,2729051500.0,374.0,1277.323928065724,17.0,18.0,227.1,57.3,398,7.143334061135795,5.429784129290343,0,3
22070760,달서구,두류1·2동,15677,272,227,499,6,5,1,250,141,50.1,28.3,56.4,210,131,40,10,이중취약,달서구|두류1.2동,2729053500,2729053500.0,120.0,1874.973790278499,3.0,6.0,2729053500.0,241.0,1874.2237785559448,3.0,6.0,50.1,56.4,499,7.536349959788677,3.933784497209659,0,4
22070770,달서구,월성1동,39431,603,1207,1810,25,20,5,2123,1797,117.3,99.3,84.6,1001,746,1122,1051,양호,달서구|월성1동,2729060100,2729060100.0,713.0,1846.680140204838,17.0,18.0,2729060100.0,2049.0,1813.0729323591447,17.0,19.0,117.3,84.6,1810,7.521144787186407,4.773223770984341,0,4
22070780,달서구,진천동,49312,666,1053,1719,29,22,7,2644,1783,153.8,103.7,67.4,1300,766,1344,1017,양호,달서구|진천동,2729061500,2729061500.0,520.0,1342.868614462229,15.0,47.0,2729061500.0,1564.0,1321.08635730042,18.0,60.0,153.8,67.4,1719,7.202563361850932,5.042133961155627,0,3
22070790,달서구,유천동,32906,952,1574,2526,15,12,3,1003,708,39.7,28.0,70.6,471,383,532,325,물리적부족,달서구|유천동,2729061700,2729061700.0,696.0,1922.369141440733,11.0,14.0,2729061700.0,2358.0,1867.236523942344,11.0,14.0,39.7,70.6,2526,7.561313632192264,3.7062280924485496,0,4
22510110,달성군,화원읍,45368,608,799,1407,27,20,7,2190,1436,155.7,102.1,65.6,1130,669,1060,767,양호,달성군|화원읍,2771025000,2771025000.0,419.0,956.9128239649948,23.0,29.0,2771025000.0,1363.0,995.5812188759782,23.0,30.0,155.7,65.6,1407,6.863712294268199,5.054333149361975,0,2
22510120,달성군,논공읍,14789,125,197,322,14,11,3,1055,626,327.6,194.4,59.3,694,364,361,262,질적미스매치,달성군|논공읍,2771025300,2771025300.0,14.0,718.5650751160597,8.0,1.0,2771025300.0,44.0,777.8814133402914,8.0,1.0,327.6,59.3,322,6.577256272212587,5.794841205603168,0,1(저가)
22510130,달성군,다사읍,88804,1819,3002,4821,76,60,16,5221,3575,108.3,74.2,68.5,2704,1698,2517,1877,양호,달성군|다사읍,2771025600,2771025600.0,797.0,1502.015012972115,15.0,30.0,2771025600.0,2405.0,1486.192316177208,15.0,31.0,108.3,68.5,4821,7.314562827595109,4.694096395182493,0,4
22510140,달성군,유가읍,31228,761,1316,2077,25,22,3,1612,1110,77.6,53.4,68.9,945,665,667,445,물리적부족,달성군|유가읍,2771025900,2771025900.0,625.0,1116.8571916256128,10.0,13.0,2771025900.0,1729.0,1091.67883018843,10.0,13.0,77.6,68.9,2077,7.018273940963394,4.364371699435161,0,3
22510150,달성군,옥포읍,22164,303,588,891,17,14,3,1160,508,130.2,57.0,43.8,698,311,462,197,질적미스매치,달성군|옥포읍,2771026200,2771026200.0,207.0,952.8908351196876,9.0,10.0,2771026200.0,717.0,986.824072483611,9.0,10.0,130.2,43.8,891,6.859500348425309,4.876722876509988,0,2
22510160,달성군,현풍읍,20950,291,533,824,16,11,5,1443,1052,175.1,127.7,72.9,643,392,800,660,양호,달성군|현풍읍,2771026500,2771026500.0,139.0,955.1687334524464,10.0,9.0,2771026500.0,478.0,942.4337386320094,11.0,10.0,175.1,72.9,824,6.861888009117307,5.17105201550216,0,2
22510310,달성군,가창면,6747,31,62,93,2,0,2,58,17,62.4,18.3,29.3,0,0,58,17,이중취약,달성군|가창면,2771031000,2771031000.0,21.0,633.8229409803268,29.0,2.0,2771031000.0,48.0,731.3372558249,29.0,2.0,62.4,29.3,93,6.451769642531595,4.14946386144318,1,1(저가)
22510360,달성군,구지면,18838,531,901,1432,17,15,2,1168,846,81.6,59.1,72.4,764,578,404,268,물리적부족,달성군|구지면,2771038000,2771038000.0,255.0,802.5948524487819,6.0,9.0,2771038000.0,779.0,837.1996434215324,6.0,9.0,81.6,72.4,1432,6.687850044217409,4.414009680526933,0,1(저가)
