ADM_CD,시군구,행정동,시가지,면적,총인구수,0-2세,3-6세,0-6세,영유아비율(%),기관수,어린이집수,유치원수,정원,현원,커버율(%),이용률(%),충원율(%),유형,반경커버율(%),반경신뢰도,반경주의,인접동수_1_5km,시설수_1km,시설수_1_5km,유형_최종,평당가,연식,거래건수
22010540,중구,삼덕동,Y,0.64,7469,132,144,276,3.7,3,1,2,105,63,38.0,22.8,60.0,이중취약,67.8,정상,N,10,21,49,이중취약,2094.057243828035,13.0,101.0
22010560,중구,성내1동,Y,0.78,5523,37,43,80,1.45,2,0,2,238,218,297.5,272.5,91.6,양호,66.8,정상,N,9,19,40,물리적부족,1306.433765412583,20.0,59.0
22010590,중구,성내2동,Y,0.94,9213,209,271,480,5.21,4,1,3,306,260,63.7,54.2,85.0,물리적부족,75.6,정상,N,10,23,53,물리적부족,2402.3917628173444,4.0,96.0
22010610,중구,성내3동,Y,0.75,13605,706,839,1545,11.36,5,4,1,283,282,18.3,18.3,99.6,물리적부족,63.4,정상,N,10,24,57,물리적부족,2244.621729416916,3.0,368.0
22010620,중구,대신동,Y,0.49,7263,189,208,397,5.47,5,4,1,397,310,100.0,78.1,78.1,양호,92.9,정상,N,14,26,54,물리적부족,2104.1606257558506,11.0,192.0
22010640,중구,남산1동,Y,0.38,5067,70,145,215,4.24,2,2,0,87,50,40.5,23.3,57.5,이중취약,78.3,정상,N,11,21,45,이중취약,1763.1597599556364,12.0,55.0
22010650,중구,남산2동,Y,0.37,7388,261,244,505,6.84,5,4,1,450,312,89.1,61.8,69.3,물리적부족,81.4,정상,N,11,29,43,물리적부족,2901.8907681287137,5.0,248.0
22010660,중구,남산3동,Y,0.4,5765,84,91,175,3.04,3,2,1,418,393,238.9,224.6,94.0,양호,94.7,정상,N,9,29,48,물리적부족,1710.6974123460514,12.0,87.0
22010670,중구,남산4동,Y,0.45,15836,396,465,861,5.44,9,8,1,601,491,69.8,57.0,81.7,물리적부족,92.7,정상,N,10,29,45,물리적부족,2742.754243644324,4.0,490.0
22010680,중구,대봉1동,Y,0.55,7692,116,199,315,4.1,3,3,0,108,93,34.3,29.5,86.1,물리적부족,65.5,정상,N,10,18,40,물리적부족,1867.0902608634265,11.0,135.0
22010690,중구,대봉2동,Y,0.28,5946,209,189,398,6.69,3,3,0,124,121,31.2,30.4,97.6,물리적부족,62.6,정상,N,11,16,38,물리적부족,2341.840077924378,4.0,245.0
22010700,중구,동인동,Y,0.99,10987,278,201,479,4.36,6,5,1,311,240,64.9,50.1,77.2,물리적부족,74.3,정상,N,8,18,57,물리적부족,1934.8937463003967,3.0,106.0
22020510,동구,신암1동,Y,0.62,10784,228,328,556,5.16,5,4,1,516,157,92.8,28.2,30.4,이중취약,106.6,정상,N,9,25,60,질적미스매치,2003.5953189065524,2.0,199.0
22020520,동구,신암2동,Y,0.36,11443,251,364,615,5.37,8,6,2,551,450,89.6,73.2,81.7,물리적부족,90.7,정상,N,7,35,57,물리적부족,1620.2783949810482,13.0,257.0
22020530,동구,신암3동,Y,0.6,11130,428,403,831,7.47,10,7,3,665,553,80.0,66.5,83.2,물리적부족,84.4,정상,N,7,35,58,물리적부족,2103.330085293449,6.0,267.0
22020540,동구,신암4동,Y,1.15,18431,554,408,962,5.22,7,6,1,402,303,41.8,31.5,75.4,물리적부족,114.6,정상,N,7,24,54,양호,2305.456903857704,3.0,346.0
22020550,동구,신암5동,Y,0.53,7330,117,132,249,3.4,5,5,0,369,257,148.2,103.2,69.6,양호,108.1,정상,N,4,21,37,양호,1835.6218596697413,2.0,88.0
22020560,동구,신천1·2동,Y,0.45,11022,70,106,176,1.6,4,4,0,183,42,104.0,23.9,23.0,질적미스매치,84.1,정상,N,9,38,65,이중취약,1061.2520064205455,15.0,205.0
22020580,동구,신천3동,Y,0.74,14711,364,387,751,5.11,8,7,1,532,381,70.8,50.7,71.6,물리적부족,77.0,정상,N,9,34,62,물리적부족,1981.3200085997591,4.0,266.0
22020590,동구,신천4동,Y,0.79,12699,341,328,669,5.27,3,2,1,137,120,20.5,17.9,87.6,물리적부족,98.0,정상,N,8,25,67,물리적부족,2606.9903895385446,1.0,187.0
22020600,동구,효목1동,Y,1.32,11494,44,78,122,1.06,4,3,1,366,215,300.0,176.2,58.7,질적미스매치,111.9,정상,N,5,17,37,질적미스매치,965.0289330326244,28.0,45.0
22020610,동구,효목2동,Y,0.78,14137,231,246,477,3.37,6,6,0,319,134,66.9,28.1,42.0,이중취약,110.7,정상,N,1,6,15,질적미스매치,966.6081871345028,23.0,173.0
22020620,동구,도평동,Y,21.3,3381,20,28,48,1.42,1,1,0,86,45,179.2,93.8,52.3,질적미스매치,,낮음,Y,0,1,2,산출불가,399.7839866555463,36.0,4.0
22020630,동구,불로·봉무동,Y,7.61,19408,238,436,674,3.47,11,6,5,1026,712,152.2,105.6,69.4,양호,144.4,정상,N,0,10,11,광역거점,1392.0525525314767,13.0,253.0
22020650,동구,지저동,Y,2.27,12351,65,129,194,1.57,3,2,1,217,73,111.9,37.6,33.6,질적미스매치,80.3,정상,N,4,9,26,이중취약,882.7383634573342,24.0,59.0
22020660,동구,동촌동,Y,3.24,13831,91,170,261,1.89,6,5,1,316,169,121.1,64.8,53.5,질적미스매치,99.2,정상,N,2,7,16,이중취약,1053.3339111194946,11.0,61.0
22020680,동구,방촌동,Y,1.33,16744,117,156,273,1.63,6,4,2,547,216,200.4,79.1,39.5,질적미스매치,137.4,정상,N,3,9,15,질적미스매치,972.8092184897632,28.0,138.0
22020690,동구,해안동,Y,13.27,12949,98,146,244,1.88,3,3,0,218,90,89.3,36.9,41.3,이중취약,39.6,정상,Y,1,1,8,이중취약,1245.6140742940297,8.0,16.0
22020710,동구,공산동,Y,83.53,19685,248,373,621,3.15,8,5,3,722,382,116.3,61.5,52.9,질적미스매치,142.5,정상,Y,0,8,12,질적미스매치,1201.307551258543,6.0,143.0
22020730,동구,안심1동,Y,3.31,37224,349,676,1025,2.75,20,18,2,1397,734,136.3,71.6,52.5,질적미스매치,118.7,정상,N,1,21,27,질적미스매치,1221.7579821687116,15.0,281.0
22020740,동구,안심2동,Y,13.43,16986,433,451,884,5.2,10,8,2,889,514,100.6,58.1,57.8,질적미스매치,109.9,정상,Y,1,20,31,질적미스매치,1378.9839886189409,4.0,130.0
22020760,동구,안심3동,Y,5.95,19897,338,479,817,4.11,14,10,4,777,419,95.1,51.3,53.9,이중취약,88.8,정상,N,1,18,24,이중취약,937.7639612670476,23.0,269.0
22020770,동구,안심4동,Y,2.62,26329,295,520,815,3.1,17,14,3,1403,733,172.1,89.9,52.2,질적미스매치,152.0,정상,N,1,23,38,질적미스매치,939.1477272727273,17.0,291.0
22020780,동구,혁신동,Y,16.57,16510,268,587,855,5.18,17,14,3,1194,735,139.6,86.0,61.6,질적미스매치,55.4,정상,Y,0,5,21,이중취약,1052.8727697181926,11.0,141.0
22030510,서구,내당1동,Y,0.58,14642,358,373,731,4.99,5,4,1,358,318,49.0,43.5,88.8,물리적부족,79.7,정상,N,10,24,50,물리적부족,2354.290941382628,1.0,454.0
22030520,서구,내당2·3동,Y,0.5,8062,35,54,89,1.1,3,1,2,185,169,207.9,189.9,91.4,양호,85.6,정상,N,11,25,54,물리적부족,719.2535564853557,21.0,5.0
22030530,서구,내당4동,Y,0.79,14158,52,94,146,1.03,2,1,1,262,135,179.5,92.5,51.5,질적미스매치,79.3,정상,N,6,22,41,이중취약,841.4416067610659,45.0,82.0
22030540,서구,비산1동,Y,0.44,7771,28,49,77,0.99,3,2,1,141,60,183.1,77.9,42.6,질적미스매치,101.8,정상,N,10,13,39,질적미스매치,553.0843319014244,47.0,2.0
22030550,서구,비산2·3동,Y,0.55,7542,14,33,47,0.62,3,2,1,245,155,521.3,329.8,63.3,질적미스매치,78.7,정상,N,12,19,56,이중취약,848.8721003818424,14.5,2.0
22030560,서구,비산4동,Y,0.41,8153,21,42,63,0.77,3,2,1,153,97,242.9,154.0,63.4,질적미스매치,76.7,정상,N,12,20,50,이중취약,862.7841955212039,21.0,12.0
22030570,서구,비산5동,Y,0.34,4747,18,24,42,0.88,3,2,1,234,201,557.1,478.6,85.9,양호,88.1,정상,N,5,10,19,물리적부족,590.3084621226037,44.0,14.0
22030580,서구,비산6동,Y,0.28,6331,17,41,58,0.92,0,0,0,0,0,0.0,0.0,,완전공백,86.5,정상,N,13,19,47,완전공백,848.2253519794447,23.0,3.0
22030590,서구,비산7동,Y,2.85,9144,91,101,192,2.1,2,2,0,186,130,96.9,67.7,69.9,물리적부족,71.3,정상,N,4,9,21,물리적부족,693.2784713214734,16.0,12.0
22030600,서구,평리1동,Y,0.39,6160,19,52,71,1.15,1,1,0,120,119,169.0,167.6,99.2,양호,71.7,정상,N,11,23,41,물리적부족,936.6553017066328,11.0,3.0
22030610,서구,평리2동,Y,0.29,6853,37,90,127,1.85,2,2,0,65,54,51.2,42.5,83.1,물리적부족,76.9,정상,N,11,23,47,물리적부족,1099.1591723072977,17.0,52.0
22030620,서구,평리3동,Y,0.78,12104,234,264,498,4.11,6,4,2,419,320,84.1,64.3,76.4,물리적부족,86.9,정상,N,12,24,47,물리적부족,1891.0252094510136,3.0,96.0
22030630,서구,평리4동,Y,0.74,15047,94,174,268,1.78,6,6,0,258,159,96.3,59.3,61.6,이중취약,88.2,정상,N,11,34,51,이중취약,1196.1561315661077,15.0,110.0
22030640,서구,평리5동,Y,0.42,10517,589,599,1188,11.3,6,5,1,288,241,24.2,20.3,83.7,물리적부족,61.9,정상,N,7,25,37,물리적부족,1886.838837990668,3.0,84.0
22030650,서구,평리6동,Y,0.72,5406,178,123,301,5.57,4,3,1,165,111,54.8,36.9,67.3,물리적부족,55.0,정상,N,5,14,34,물리적부족,1644.1293528214371,3.0,80.0
22030660,서구,상중이동,Y,6.75,16903,104,155,259,1.53,11,9,2,687,566,265.3,218.5,82.4,양호,72.4,정상,N,7,17,40,물리적부족,968.7053860848667,17.0,95.0
22030680,서구,원대동,Y,0.61,9968,166,171,337,3.38,4,3,1,707,232,209.8,68.8,32.8,질적미스매치,90.3,정상,N,8,21,45,이중취약,2109.781184588064,3.0,112.0
22040510,남구,이천동,Y,1.08,14239,305,372,677,4.75,6,5,1,405,367,59.8,54.2,90.6,물리적부족,59.9,정상,N,8,17,36,물리적부족,1225.8091806425673,20.0,235.0
22040530,남구,봉덕1동,Y,0.53,7709,44,60,104,1.35,2,2,0,87,81,83.7,77.9,93.1,물리적부족,77.4,정상,N,7,15,35,물리적부족,1283.533938089019,18.0,37.0
22040540,남구,봉덕2동,Y,3.26,12804,265,362,627,4.9,5,4,1,394,305,62.8,48.6,77.4,물리적부족,71.9,정상,N,4,16,24,물리적부족,1694.2311791905445,6.0,194.0
22040550,남구,봉덕3동,Y,2.66,14069,95,159,254,1.81,5,2,3,473,431,186.2,169.7,91.1,양호,70.8,정상,N,7,12,25,물리적부족,731.782263568988,35.0,98.0
22040560,남구,대명1동,Y,0.48,9270,45,76,121,1.31,4,3,1,451,84,372.7,69.4,18.6,질적미스매치,136.9,정상,N,7,17,26,질적미스매치,727.2776161724804,46.0,17.0
22040570,남구,대명2동,Y,0.86,15176,327,289,616,4.06,3,2,1,266,254,43.2,41.2,95.5,물리적부족,77.7,정상,N,13,8,43,물리적부족,2128.510872570123,4.0,137.0
22040580,남구,대명3동,Y,0.99,11752,140,114,254,2.16,3,2,1,348,235,137.0,92.5,67.5,양호,107.0,정상,N,11,18,45,양호,811.9046659323664,46.0,25.0
22040590,남구,대명4동,Y,0.73,9057,38,71,109,1.2,4,4,0,324,159,297.2,145.9,49.1,질적미스매치,112.4,정상,N,7,13,27,질적미스매치,527.3835855350134,39.0,4.0
22040600,남구,대명5동,Y,0.89,8812,215,194,409,4.64,3,3,0,212,155,51.8,37.9,73.1,물리적부족,120.9,정상,N,8,10,28,양호,2112.062356248403,2.0,22.0
22040610,남구,대명6동,Y,1.82,10324,130,171,301,2.92,3,3,0,178,105,59.1,34.9,59.0,이중취약,150.1,정상,N,6,11,26,질적미스매치,2020.398401307593,4.0,75.0
22040640,남구,대명9동,Y,3.09,13115,81,115,196,1.49,3,1,2,458,356,233.7,181.6,77.7,양호,126.6,정상,N,6,7,19,양호,829.3527345709985,28.0,15.0
22040650,남구,대명10동,Y,0.53,7846,32,48,80,1.02,1,1,0,98,17,122.5,21.2,17.3,질적미스매치,145.1,정상,N,7,13,28,질적미스매치,829.2104097877343,45.0,46.0
22040660,남구,대명11동,Y,0.9,7171,37,47,84,1.17,2,2,0,123,36,146.4,42.9,29.3,질적미스매치,145.7,정상,N,6,12,28,질적미스매치,1232.3671459988063,5.0,22.0
22050510,북구,고성동,Y,0.53,14564,821,787,1608,11.04,9,9,0,579,548,36.0,34.1,94.6,물리적부족,71.5,정상,N,9,36,54,물리적부족,2233.725436270332,3.0,293.0
22050520,북구,칠성동,Y,1.36,23366,426,545,971,4.16,14,13,1,521,402,53.7,41.4,77.2,물리적부족,75.8,정상,N,5,33,57,물리적부족,1563.8573839285084,14.0,412.0
22050550,북구,침산1동,Y,1.57,3455,17,31,48,1.39,0,0,0,0,0,0.0,0.0,,완전공백,133.5,정상,N,3,3,11,완전공백,560.3050847457628,29.0,13.0
22050560,북구,침산2동,Y,0.78,17872,305,506,811,4.54,7,5,2,754,721,93.0,88.9,95.6,물리적부족,91.5,정상,N,7,26,52,물리적부족,1613.9355416927085,20.0,293.0
22050570,북구,침산3동,Y,1.04,17714,195,354,549,3.1,9,8,1,453,413,82.5,75.2,91.2,물리적부족,73.0,정상,N,8,33,50,물리적부족,1111.2474897382972,27.0,236.0
22050610,북구,산격1동,Y,0.95,7389,15,25,40,0.54,2,1,1,103,48,257.5,120.0,46.6,질적미스매치,96.4,정상,N,5,7,25,이중취약,555.4409072956839,29.0,4.0
22050620,북구,산격2동,Y,2.23,9393,61,92,153,1.63,4,3,1,470,369,307.2,241.2,78.5,양호,158.0,정상,N,4,19,28,광역거점,1049.8408858317316,27.0,90.0
22050630,북구,산격3동,Y,1.19,8423,36,34,70,0.83,4,3,1,309,157,441.4,224.3,50.8,질적미스매치,172.0,정상,N,8,14,37,질적미스매치,,,
22050640,북구,산격4동,Y,0.74,6965,19,53,72,1.03,4,3,1,464,331,644.4,459.7,71.3,양호,151.7,정상,N,5,13,30,광역거점,657.7366698068693,27.0,8.0
22050650,북구,복현1동,Y,0.46,7153,27,26,53,0.74,1,1,0,49,14,92.5,26.4,28.6,이중취약,149.0,정상,N,6,20,40,질적미스매치,701.9925676871351,24.0,9.0
22050660,북구,복현2동,Y,1.79,28765,477,563,1040,3.62,15,11,4,1126,875,108.3,84.1,77.7,양호,140.5,정상,N,5,20,35,광역거점,1399.8538049947465,13.0,402.0
22050700,북구,검단동,Y,3.84,5422,23,44,67,1.24,1,1,0,62,0,92.5,0.0,0.0,이중취약,104.9,정상,N,0,1,7,질적미스매치,656.3239289446186,34.0,60.0
22050710,북구,무태조야동,Y,22.91,32558,381,690,1071,3.29,20,15,5,1493,795,139.4,74.2,53.2,질적미스매치,89.7,정상,Y,0,4,11,이중취약,890.1972860051653,23.0,328.0
22050740,북구,태전2동,Y,2.02,21662,193,338,531,2.45,7,5,2,678,341,127.7,64.2,50.3,질적미스매치,187.6,정상,N,1,12,20,질적미스매치,772.8991315965263,31.0,205.0
22050750,북구,관문동,Y,14.7,32010,538,926,1464,4.57,17,12,5,1537,911,105.0,62.2,59.3,질적미스매치,63.9,정상,Y,0,2,9,이중취약,1081.625267094017,10.0,372.0
22050760,북구,읍내동,Y,5.91,24632,264,427,691,2.81,12,9,3,1261,607,182.5,87.8,48.1,질적미스매치,,낮음,N,0,0,1,산출불가,789.9163679808842,29.0,285.0
22050770,북구,관음동,Y,2.99,13674,75,142,217,1.59,5,3,2,424,124,195.4,57.1,29.2,질적미스매치,285.4,정상,N,1,10,26,질적미스매치,701.6200919702865,26.0,101.0
22050780,북구,태전1동,Y,2.43,21133,181,238,419,1.98,9,6,3,935,601,223.2,143.4,64.3,질적미스매치,215.3,정상,N,1,12,21,질적미스매치,681.3352177470179,31.0,236.0
22050790,북구,구암동,Y,4.16,30294,208,411,619,2.04,14,11,3,1020,398,164.8,64.3,39.0,질적미스매치,184.9,정상,N,1,29,38,질적미스매치,831.2713739690204,25.0,414.0
22050810,북구,노원동,Y,3.03,10970,160,160,320,2.92,3,2,1,272,253,85.0,79.1,93.0,물리적부족,80.3,정상,N,6,14,31,물리적부족,1448.822940145254,9.0,146.0
22050820,북구,동천동,Y,1.12,24674,230,452,682,2.76,16,12,4,1167,711,171.1,104.3,60.9,질적미스매치,297.4,정상,N,2,31,48,질적미스매치,1032.7343916776442,24.0,396.0
22050830,북구,국우동,Y,17.15,29173,400,639,1039,3.56,20,13,7,1690,871,162.7,83.8,51.5,질적미스매치,147.4,정상,Y,0,18,24,질적미스매치,1167.0234160152413,19.0,363.0
22050840,북구,대현동,Y,0.86,15654,112,152,264,1.69,8,6,2,663,471,251.1,178.4,71.0,양호,95.3,정상,N,8,22,60,물리적부족,1435.6398378691372,16.0,189.0
22060510,수성구,범어1동,Y,1.16,22697,437,876,1313,5.78,7,4,3,617,597,47.0,45.5,96.8,물리적부족,56.5,정상,N,7,12,40,물리적부족,4322.579809164802,5.0,533.0
22060520,수성구,범어2동,Y,1.03,15179,188,405,593,3.91,9,6,3,747,540,126.0,91.1,72.3,양호,103.0,정상,N,7,28,50,양호,4265.177496966174,17.0,164.0
22060530,수성구,범어3동,Y,0.58,17060,371,634,1005,5.89,8,7,1,367,295,36.5,29.4,80.4,물리적부족,74.2,정상,N,8,24,61,물리적부족,2788.223775398862,11.0,443.0
22060540,수성구,범어4동,Y,1.1,18451,83,394,477,2.59,3,3,0,398,279,83.4,58.5,70.1,물리적부족,114.6,정상,N,4,17,40,양호,4201.655117873013,17.0,343.0
22060550,수성구,만촌1동,Y,2.79,20218,231,458,689,3.41,13,10,3,675,493,98.0,71.6,73.0,물리적부족,101.5,정상,N,3,30,41,양호,1555.0065936653714,23.0,218.0
22060560,수성구,만촌2동,Y,1.78,13123,127,281,408,3.11,8,3,5,874,798,214.2,195.6,91.3,양호,119.9,정상,N,5,24,44,양호,3544.7847107579223,2.0,21.0
22060570,수성구,만촌3동,Y,1.79,20600,175,453,628,3.05,7,5,2,574,540,91.4,86.0,94.1,물리적부족,82.6,정상,N,2,9,17,물리적부족,3384.0851702723,19.0,331.0
22060580,수성구,수성1가동,Y,0.6,16976,168,303,471,2.77,5,4,1,452,255,96.0,54.1,56.4,이중취약,68.9,정상,N,9,17,48,이중취약,1750.4671489557986,21.0,239.0
22060590,수성구,수성2·3가동,Y,0.65,10171,78,268,346,3.4,2,2,0,69,68,19.9,19.7,98.6,물리적부족,64.1,정상,N,6,20,45,물리적부족,2647.22061863234,17.0,74.0
22060600,수성구,수성4가동,Y,0.63,12840,112,161,273,2.13,7,5,2,646,435,236.6,159.3,67.3,양호,69.0,정상,N,9,26,54,물리적부족,1614.7639973002897,30.0,194.0
22060610,수성구,황금1동,Y,2.6,20862,204,577,781,3.74,9,7,2,692,472,88.6,60.4,68.2,물리적부족,96.9,정상,N,1,10,19,물리적부족,2167.842690910873,20.0,334.0
22060620,수성구,황금2동,Y,1.18,11789,211,241,452,3.83,3,2,1,231,228,51.1,50.4,98.7,물리적부족,70.4,정상,N,7,14,38,물리적부족,3580.92969478588,4.0,102.0
22060630,수성구,중동,Y,0.9,14426,344,452,796,5.52,7,6,1,477,411,59.9,51.6,86.2,물리적부족,73.2,정상,N,8,20,35,물리적부족,2382.65515268637,5.0,181.0
22060640,수성구,상동,Y,1.33,13962,101,181,282,2.02,3,3,0,189,115,67.0,40.8,60.8,이중취약,83.5,정상,N,5,15,30,이중취약,2001.729096933712,17.0,75.0
22060650,수성구,파동,Y,5.83,17086,381,460,841,4.92,9,7,2,975,766,115.9,91.1,78.6,양호,119.1,정상,N,0,7,11,양호,1505.04471662574,10.0,172.0
22060660,수성구,두산동,Y,1.96,14835,204,333,537,3.62,6,6,0,379,164,70.6,30.5,43.3,이중취약,83.3,정상,N,3,10,26,이중취약,2531.2748680047225,17.0,142.0
22060670,수성구,지산1동,Y,2.85,18643,79,147,226,1.21,8,5,3,929,437,411.1,193.4,47.0,질적미스매치,169.9,정상,N,3,9,28,질적미스매치,895.5641931684335,35.0,131.0
22060680,수성구,지산2동,Y,1.71,18161,178,269,447,2.46,6,4,2,776,565,173.6,126.4,72.8,양호,179.4,정상,N,3,10,21,광역거점,1080.429512015403,35.0,219.0
22060690,수성구,범물1동,Y,5.67,9658,46,44,90,0.93,2,1,1,64,18,71.1,20.0,28.1,이중취약,131.6,정상,N,3,10,16,질적미스매치,864.2178286710819,34.0,84.0
22060700,수성구,범물2동,Y,2.1,15546,172,255,427,2.75,5,3,2,366,191,85.7,44.7,52.2,이중취약,128.1,정상,N,2,11,15,질적미스매치,919.8107957707292,33.0,197.0
22060710,수성구,고산1동,Y,8.86,31119,296,615,911,2.93,9,6,3,907,566,99.6,62.1,62.4,이중취약,127.1,정상,N,2,13,26,질적미스매치,1147.5770769592843,30.0,339.0
22060720,수성구,고산2동,Y,24.54,25542,318,584,902,3.53,15,10,5,1332,1035,147.7,114.7,77.7,양호,139.7,정상,Y,1,15,23,광역거점,1613.773781799959,19.0,293.0
22060730,수성구,고산3동,Y,5.24,29203,216,438,654,2.24,9,8,1,672,212,102.8,32.4,31.5,질적미스매치,75.5,정상,N,1,12,17,이중취약,1041.4073156146812,26.0,396.0
22070550,달서구,두류3동,Y,1.17,8919,96,133,229,2.57,5,3,2,251,199,109.6,86.9,79.3,양호,74.9,정상,N,5,10,36,물리적부족,1636.7642326068838,24.0,77.0
22070560,달서구,본리동,Y,1.09,22963,500,630,1130,4.92,13,10,3,840,633,74.3,56.0,75.4,물리적부족,110.5,정상,N,5,35,57,양호,1384.556903864279,17.0,336.0
22070570,달서구,감삼동,Y,1.11,31110,663,906,1569,5.04,16,13,3,1006,758,64.1,48.3,75.3,물리적부족,88.2,정상,N,6,39,58,물리적부족,1841.317734282044,16.0,457.0
22070580,달서구,죽전동,Y,0.81,14342,278,251,529,3.69,4,4,0,282,180,53.3,34.0,63.8,이중취약,75.0,정상,N,6,21,52,이중취약,2325.5339305768207,2.0,82.0
22070590,달서구,장기동,Y,2.8,15338,208,252,460,3.0,8,5,3,519,411,112.8,89.3,79.2,양호,78.6,정상,N,5,29,54,물리적부족,1294.947999295311,22.0,194.0
22070600,달서구,이곡1동,Y,1.82,19674,163,233,396,2.01,13,11,2,950,566,239.9,142.9,59.6,질적미스매치,218.1,정상,N,2,28,38,질적미스매치,858.173639500447,29.0,220.0
22070610,달서구,신당동,Y,9.01,27982,188,249,437,1.56,16,14,2,818,461,187.2,105.5,56.4,질적미스매치,130.9,정상,N,0,11,17,질적미스매치,895.4587209987045,27.0,225.0
22070630,달서구,월성2동,Y,7.0,13486,56,84,140,1.04,5,3,2,307,239,219.3,170.7,77.9,양호,80.0,정상,N,2,25,48,물리적부족,698.4890748381149,34.0,132.0
22070650,달서구,상인1동,Y,1.5,31952,411,520,931,2.91,13,11,2,800,504,85.9,54.1,63.0,이중취약,97.9,정상,N,2,26,52,이중취약,1069.649370514178,32.0,385.0
22070660,달서구,상인2동,Y,0.93,16708,170,244,414,2.48,7,6,1,633,354,152.9,85.5,55.9,질적미스매치,139.3,정상,N,4,36,67,질적미스매치,1054.2039544572958,19.0,100.0
22070670,달서구,상인3동,Y,3.68,9479,20,47,67,0.71,3,3,0,215,26,320.9,38.8,12.1,질적미스매치,94.1,정상,N,2,9,21,이중취약,590.567827030637,33.0,65.0
22070680,달서구,도원동,Y,10.61,30888,223,363,586,1.9,14,11,3,783,308,133.6,52.6,39.3,질적미스매치,129.0,정상,Y,3,26,45,질적미스매치,718.6388356912875,29.0,418.0
22070690,달서구,송현1동,Y,2.43,15948,83,140,223,1.4,5,3,2,562,209,252.0,93.7,37.2,질적미스매치,115.5,정상,N,4,13,26,질적미스매치,1000.6503825282456,24.0,20.0
22070700,달서구,송현2동,Y,0.96,17655,203,249,452,2.56,6,4,2,679,413,150.2,91.4,60.8,질적미스매치,135.8,정상,N,5,18,43,질적미스매치,939.5677297869836,24.0,123.0
22070710,달서구,본동,Y,1.1,13085,168,170,338,2.58,3,2,1,196,104,58.0,30.8,53.1,이중취약,104.8,정상,N,7,21,54,질적미스매치,1922.6281934474555,1.0,338.0
22070720,달서구,용산1동,Y,1.32,27831,270,392,662,2.38,10,9,1,454,296,68.6,44.7,65.2,이중취약,114.6,정상,N,4,25,52,질적미스매치,972.9809277136802,27.0,291.0
22070730,달서구,용산2동,Y,1.51,24650,170,278,448,1.82,12,9,3,1053,750,235.0,167.4,71.2,양호,191.8,정상,N,3,27,46,광역거점,810.5964970809007,29.0,289.0
22070740,달서구,이곡2동,Y,2.21,14113,82,163,245,1.74,5,4,1,273,156,111.4,63.7,57.1,질적미스매치,199.4,정상,N,2,23,36,질적미스매치,797.4688161920451,32.0,163.0
22070750,달서구,성당동,Y,1.97,19950,144,254,398,1.99,8,6,2,904,518,227.1,130.2,57.3,질적미스매치,122.4,정상,N,5,25,44,질적미스매치,1265.6410872602446,17.0,133.0
22070760,달서구,두류1·2동,Y,1.3,15677,272,227,499,3.18,6,5,1,250,141,50.1,28.3,56.4,이중취약,70.3,정상,N,7,14,40,이중취약,1874.973790278499,3.0,120.0
22070770,달서구,월성1동,Y,1.89,39431,603,1207,1810,4.59,25,20,5,2123,1797,117.3,99.3,84.6,양호,110.7,정상,N,3,43,68,양호,1846.680140204838,17.0,713.0
22070780,달서구,진천동,Y,5.09,49312,666,1053,1719,3.49,29,22,7,2644,1783,153.8,103.7,67.4,양호,109.8,정상,N,4,34,75,양호,1342.868614462229,15.0,520.0
22070790,달서구,유천동,Y,1.25,32906,952,1574,2526,7.68,15,12,3,1003,708,39.7,28.0,70.6,물리적부족,88.8,정상,N,2,32,60,물리적부족,1922.369141440733,11.0,696.0
22510110,달성군,화원읍,N,26.42,45368,608,799,1407,3.1,27,20,7,2190,1436,155.7,102.1,65.6,양호,70.4,정상,Y,1,11,24,물리적부족,956.9128239649948,23.0,419.0
22510120,달성군,논공읍,N,44.48,14789,125,197,322,2.18,14,11,3,1055,626,327.6,194.4,59.3,질적미스매치,296.0,정상,Y,0,11,12,질적미스매치,718.5650751160597,8.0,14.0
22510130,달성군,다사읍,N,36.22,88804,1819,3002,4821,5.43,76,60,16,5221,3575,108.3,74.2,68.5,양호,47.0,정상,Y,0,15,39,물리적부족,1502.015012972115,15.0,797.0
22510140,달성군,유가읍,N,56.32,31228,761,1316,2077,6.65,25,22,3,1612,1110,77.6,53.4,68.9,물리적부족,96.3,정상,Y,1,30,38,물리적부족,1116.8571916256128,10.0,625.0
22510150,달성군,옥포읍,N,46.92,22164,303,588,891,4.02,17,14,3,1160,508,130.2,57.0,43.8,질적미스매치,100.8,정상,Y,0,9,13,질적미스매치,952.8908351196876,9.0,207.0
22510160,달성군,현풍읍,N,25.14,20950,291,533,824,3.93,16,11,5,1443,1052,175.1,127.7,72.9,양호,120.0,정상,Y,1,17,31,양호,955.1687334524464,10.0,139.0
22510310,달성군,가창면,N,110.01,6747,31,62,93,1.38,2,0,2,58,17,62.4,18.3,29.3,이중취약,,낮음,Y,0,0,0,산출불가,633.8229409803268,29.0,21.0
22510320,달성군,하빈면,N,38.83,3112,7,15,22,0.71,2,1,1,77,16,350.0,72.7,20.8,질적미스매치,,낮음,Y,0,2,2,산출불가,,,
22510360,달성군,구지면,N,38.91,18838,531,901,1432,7.6,17,15,2,1168,846,81.6,59.1,72.4,물리적부족,86.2,정상,Y,0,18,18,물리적부족,802.5948524487819,6.0,255.0
